home_based_status,sector_id,subreg_id,total_number_of_jobs,year
0.0,1.0,-1.0,6837.0,2018
0.0,1.0,-1.0,6905.0,2019
0.0,1.0,-1.0,7033.0,2021
0.0,1.0,-1.0,7161.0,2022
0.0,1.0,-1.0,7293.0,2023
0.0,1.0,-1.0,7408.0,2024
0.0,1.0,-1.0,7680.0,2026
0.0,1.0,-1.0,7797.0,2027
0.0,1.0,-1.0,7933.0,2028
0.0,1.0,-1.0,8074.0,2029
0.0,1.0,-1.0,8299.0,2031
0.0,1.0,-1.0,8406.0,2032
0.0,1.0,-1.0,8497.0,2033
0.0,1.0,-1.0,8574.0,2034
0.0,1.0,-1.0,8678.0,2036
0.0,1.0,-1.0,8714.0,2037
0.0,1.0,-1.0,8751.0,2038
0.0,1.0,-1.0,8770.0,2039
0.0,1.0,-1.0,8782.0,2041
0.0,1.0,-1.0,8784.0,2042
0.0,1.0,-1.0,8776.0,2043
0.0,1.0,-1.0,8744.0,2045
0.0,1.0,-1.0,8730.0,2046
0.0,1.0,-1.0,8732.0,2047
0.0,1.0,-1.0,8748.0,2048
0.0,1.0,-1.0,8778.0,2049
1.0,1.0,-1.0,749.0,2018
1.0,1.0,-1.0,757.0,2019
1.0,1.0,-1.0,770.0,2021
1.0,1.0,-1.0,785.0,2022
1.0,1.0,-1.0,799.0,2023
1.0,1.0,-1.0,811.0,2024
1.0,1.0,-1.0,841.0,2026
1.0,1.0,-1.0,854.0,2027
1.0,1.0,-1.0,869.0,2028
1.0,1.0,-1.0,884.0,2029
1.0,1.0,-1.0,909.0,2031
1.0,1.0,-1.0,921.0,2032
1.0,1.0,-1.0,931.0,2033
1.0,1.0,-1.0,939.0,2034
1.0,1.0,-1.0,951.0,2036
1.0,1.0,-1.0,955.0,2037
1.0,1.0,-1.0,959.0,2038
1.0,1.0,-1.0,961.0,2039
1.0,1.0,-1.0,962.0,2041
1.0,1.0,-1.0,962.0,2042
1.0,1.0,-1.0,961.0,2043
1.0,1.0,-1.0,958.0,2045
1.0,1.0,-1.0,956.0,2046
1.0,1.0,-1.0,957.0,2047
1.0,1.0,-1.0,958.0,2048
1.0,1.0,-1.0,962.0,2049
0.0,2.0,-1.0,129595.0,2018
0.0,2.0,-1.0,130598.0,2019
0.0,2.0,-1.0,132772.0,2021
0.0,2.0,-1.0,134585.0,2022
0.0,2.0,-1.0,135150.0,2023
0.0,2.0,-1.0,136186.0,2024
0.0,2.0,-1.0,137658.0,2026
0.0,2.0,-1.0,138935.0,2027
0.0,2.0,-1.0,140775.0,2028
0.0,2.0,-1.0,142081.0,2029
0.0,2.0,-1.0,145319.0,2031
0.0,2.0,-1.0,146446.0,2032
0.0,2.0,-1.0,147141.0,2033
0.0,2.0,-1.0,147848.0,2034
0.0,2.0,-1.0,148921.0,2036
0.0,2.0,-1.0,150286.0,2037
0.0,2.0,-1.0,151954.0,2038
0.0,2.0,-1.0,152403.0,2039
0.0,2.0,-1.0,151788.0,2041
0.0,2.0,-1.0,151730.0,2042
0.0,2.0,-1.0,151569.0,2043
0.0,2.0,-1.0,151375.0,2045
0.0,2.0,-1.0,150955.0,2046
0.0,2.0,-1.0,150895.0,2047
0.0,2.0,-1.0,150574.0,2048
0.0,2.0,-1.0,150164.0,2049
1.0,2.0,-1.0,4989.0,2018
1.0,2.0,-1.0,5027.0,2019
1.0,2.0,-1.0,5111.0,2021
1.0,2.0,-1.0,5181.0,2022
1.0,2.0,-1.0,5203.0,2023
1.0,2.0,-1.0,5243.0,2024
1.0,2.0,-1.0,5299.0,2026
1.0,2.0,-1.0,5348.0,2027
1.0,2.0,-1.0,5419.0,2028
1.0,2.0,-1.0,5469.0,2029
1.0,2.0,-1.0,5594.0,2031
1.0,2.0,-1.0,5638.0,2032
1.0,2.0,-1.0,5664.0,2033
1.0,2.0,-1.0,5692.0,2034
1.0,2.0,-1.0,5733.0,2036
1.0,2.0,-1.0,5785.0,2037
1.0,2.0,-1.0,5850.0,2038
1.0,2.0,-1.0,5867.0,2039
1.0,2.0,-1.0,5843.0,2041
1.0,2.0,-1.0,5841.0,2042
1.0,2.0,-1.0,5835.0,2043
1.0,2.0,-1.0,5827.0,2045
1.0,2.0,-1.0,5811.0,2046
1.0,2.0,-1.0,5809.0,2047
1.0,2.0,-1.0,5796.0,2048
1.0,2.0,-1.0,5781.0,2049
0.0,3.0,-1.0,184216.0,2018
0.0,3.0,-1.0,181928.0,2019
0.0,3.0,-1.0,179613.0,2021
0.0,3.0,-1.0,179268.0,2022
0.0,3.0,-1.0,178746.0,2023
0.0,3.0,-1.0,179010.0,2024
0.0,3.0,-1.0,178830.0,2026
0.0,3.0,-1.0,179033.0,2027
0.0,3.0,-1.0,179261.0,2028
0.0,3.0,-1.0,179120.0,2029
0.0,3.0,-1.0,179348.0,2031
0.0,3.0,-1.0,178434.0,2032
0.0,3.0,-1.0,177402.0,2033
0.0,3.0,-1.0,176573.0,2034
0.0,3.0,-1.0,175361.0,2036
0.0,3.0,-1.0,175080.0,2037
0.0,3.0,-1.0,174675.0,2038
0.0,3.0,-1.0,173367.0,2039
0.0,3.0,-1.0,170276.0,2041
0.0,3.0,-1.0,168938.0,2042
0.0,3.0,-1.0,167807.0,2043
0.0,3.0,-1.0,165711.0,2045
0.0,3.0,-1.0,164608.0,2046
0.0,3.0,-1.0,163395.0,2047
0.0,3.0,-1.0,162087.0,2048
0.0,3.0,-1.0,160654.0,2049
1.0,3.0,-1.0,7304.0,2018
1.0,3.0,-1.0,7212.0,2019
1.0,3.0,-1.0,7120.0,2021
1.0,3.0,-1.0,7106.0,2022
1.0,3.0,-1.0,7086.0,2023
1.0,3.0,-1.0,7097.0,2024
1.0,3.0,-1.0,7090.0,2026
1.0,3.0,-1.0,7097.0,2027
1.0,3.0,-1.0,7106.0,2028
1.0,3.0,-1.0,7101.0,2029
1.0,3.0,-1.0,7109.0,2031
1.0,3.0,-1.0,7074.0,2032
1.0,3.0,-1.0,7033.0,2033
1.0,3.0,-1.0,7001.0,2034
1.0,3.0,-1.0,6952.0,2036
1.0,3.0,-1.0,6940.0,2037
1.0,3.0,-1.0,6924.0,2038
1.0,3.0,-1.0,6873.0,2039
1.0,3.0,-1.0,6750.0,2041
1.0,3.0,-1.0,6697.0,2042
1.0,3.0,-1.0,6652.0,2043
1.0,3.0,-1.0,6569.0,2045
1.0,3.0,-1.0,6525.0,2046
1.0,3.0,-1.0,6477.0,2047
1.0,3.0,-1.0,6426.0,2048
1.0,3.0,-1.0,6369.0,2049
0.0,4.0,-1.0,155232.0,2018
0.0,4.0,-1.0,156040.0,2019
0.0,4.0,-1.0,160080.0,2021
0.0,4.0,-1.0,161030.0,2022
0.0,4.0,-1.0,161667.0,2023
0.0,4.0,-1.0,163705.0,2024
0.0,4.0,-1.0,165547.0,2026
0.0,4.0,-1.0,167502.0,2027
0.0,4.0,-1.0,169166.0,2028
0.0,4.0,-1.0,170133.0,2029
0.0,4.0,-1.0,173821.0,2031
0.0,4.0,-1.0,175187.0,2032
0.0,4.0,-1.0,176624.0,2033
0.0,4.0,-1.0,178145.0,2034
0.0,4.0,-1.0,180702.0,2036
0.0,4.0,-1.0,182527.0,2037
0.0,4.0,-1.0,184323.0,2038
0.0,4.0,-1.0,185796.0,2039
0.0,4.0,-1.0,188121.0,2041
0.0,4.0,-1.0,189273.0,2042
0.0,4.0,-1.0,190422.0,2043
0.0,4.0,-1.0,192627.0,2045
0.0,4.0,-1.0,193595.0,2046
0.0,4.0,-1.0,194635.0,2047
0.0,4.0,-1.0,195587.0,2048
0.0,4.0,-1.0,196396.0,2049
1.0,4.0,-1.0,9211.0,2018
1.0,4.0,-1.0,9232.0,2019
1.0,4.0,-1.0,9527.0,2021
1.0,4.0,-1.0,9569.0,2022
1.0,4.0,-1.0,9596.0,2023
1.0,4.0,-1.0,9752.0,2024
1.0,4.0,-1.0,9855.0,2026
1.0,4.0,-1.0,10003.0,2027
1.0,4.0,-1.0,10115.0,2028
1.0,4.0,-1.0,10168.0,2029
1.0,4.0,-1.0,10431.0,2031
1.0,4.0,-1.0,10522.0,2032
1.0,4.0,-1.0,10624.0,2033
1.0,4.0,-1.0,10733.0,2034
1.0,4.0,-1.0,10906.0,2036
1.0,4.0,-1.0,11039.0,2037
1.0,4.0,-1.0,11164.0,2038
1.0,4.0,-1.0,11271.0,2039
1.0,4.0,-1.0,11444.0,2041
1.0,4.0,-1.0,11529.0,2042
1.0,4.0,-1.0,11614.0,2043
1.0,4.0,-1.0,11776.0,2045
1.0,4.0,-1.0,11848.0,2046
1.0,4.0,-1.0,11930.0,2047
1.0,4.0,-1.0,12005.0,2048
1.0,4.0,-1.0,12070.0,2049
0.0,5.0,-1.0,235821.0,2018
0.0,5.0,-1.0,238437.0,2019
0.0,5.0,-1.0,249352.0,2021
0.0,5.0,-1.0,251859.0,2022
0.0,5.0,-1.0,254623.0,2023
0.0,5.0,-1.0,260086.0,2024
0.0,5.0,-1.0,266262.0,2026
0.0,5.0,-1.0,271718.0,2027
0.0,5.0,-1.0,276173.0,2028
0.0,5.0,-1.0,279519.0,2029
0.0,5.0,-1.0,289975.0,2031
0.0,5.0,-1.0,294170.0,2032
0.0,5.0,-1.0,298790.0,2033
0.0,5.0,-1.0,303530.0,2034
0.0,5.0,-1.0,312197.0,2036
0.0,5.0,-1.0,317662.0,2037
0.0,5.0,-1.0,323027.0,2038
0.0,5.0,-1.0,327872.0,2039
0.0,5.0,-1.0,336595.0,2041
0.0,5.0,-1.0,341174.0,2042
0.0,5.0,-1.0,345748.0,2043
0.0,5.0,-1.0,354822.0,2045
0.0,5.0,-1.0,359095.0,2046
0.0,5.0,-1.0,363606.0,2047
0.0,5.0,-1.0,367927.0,2048
0.0,5.0,-1.0,372007.0,2049
1.0,5.0,-1.0,7658.0,2018
1.0,5.0,-1.0,7743.0,2019
1.0,5.0,-1.0,8097.0,2021
1.0,5.0,-1.0,8178.0,2022
1.0,5.0,-1.0,8268.0,2023
1.0,5.0,-1.0,8445.0,2024
1.0,5.0,-1.0,8646.0,2026
1.0,5.0,-1.0,8823.0,2027
1.0,5.0,-1.0,8968.0,2028
1.0,5.0,-1.0,9076.0,2029
1.0,5.0,-1.0,9416.0,2031
1.0,5.0,-1.0,9552.0,2032
1.0,5.0,-1.0,9702.0,2033
1.0,5.0,-1.0,9856.0,2034
1.0,5.0,-1.0,10138.0,2036
1.0,5.0,-1.0,10315.0,2037
1.0,5.0,-1.0,10489.0,2038
1.0,5.0,-1.0,10647.0,2039
1.0,5.0,-1.0,10930.0,2041
1.0,5.0,-1.0,11079.0,2042
1.0,5.0,-1.0,11227.0,2043
1.0,5.0,-1.0,11522.0,2045
1.0,5.0,-1.0,11661.0,2046
1.0,5.0,-1.0,11807.0,2047
1.0,5.0,-1.0,11947.0,2048
1.0,5.0,-1.0,12080.0,2049
0.0,7.0,-1.0,485035.0,2018
0.0,7.0,-1.0,498466.0,2019
0.0,7.0,-1.0,521490.0,2021
0.0,7.0,-1.0,534782.0,2022
0.0,7.0,-1.0,546484.0,2023
0.0,7.0,-1.0,557992.0,2024
0.0,7.0,-1.0,582883.0,2026
0.0,7.0,-1.0,594546.0,2027
0.0,7.0,-1.0,607566.0,2028
0.0,7.0,-1.0,620831.0,2029
0.0,7.0,-1.0,647606.0,2031
0.0,7.0,-1.0,660066.0,2032
0.0,7.0,-1.0,672736.0,2033
0.0,7.0,-1.0,686532.0,2034
0.0,7.0,-1.0,717221.0,2036
0.0,7.0,-1.0,732846.0,2037
0.0,7.0,-1.0,748874.0,2038
0.0,7.0,-1.0,763667.0,2039
0.0,7.0,-1.0,793630.0,2041
0.0,7.0,-1.0,809130.0,2042
0.0,7.0,-1.0,825903.0,2043
0.0,7.0,-1.0,861120.0,2045
0.0,7.0,-1.0,878903.0,2046
0.0,7.0,-1.0,895737.0,2047
0.0,7.0,-1.0,912574.0,2048
0.0,7.0,-1.0,928950.0,2049
1.0,7.0,-1.0,56854.0,2018
1.0,7.0,-1.0,58462.0,2019
1.0,7.0,-1.0,61251.0,2021
1.0,7.0,-1.0,62858.0,2022
1.0,7.0,-1.0,64271.0,2023
1.0,7.0,-1.0,65669.0,2024
1.0,7.0,-1.0,68688.0,2026
1.0,7.0,-1.0,70103.0,2027
1.0,7.0,-1.0,71678.0,2028
1.0,7.0,-1.0,73279.0,2029
1.0,7.0,-1.0,76511.0,2031
1.0,7.0,-1.0,78001.0,2032
1.0,7.0,-1.0,79523.0,2033
1.0,7.0,-1.0,81191.0,2034
1.0,7.0,-1.0,84911.0,2036
1.0,7.0,-1.0,86799.0,2037
1.0,7.0,-1.0,88727.0,2038
1.0,7.0,-1.0,90498.0,2039
1.0,7.0,-1.0,94110.0,2041
1.0,7.0,-1.0,95983.0,2042
1.0,7.0,-1.0,98018.0,2043
1.0,7.0,-1.0,102291.0,2045
1.0,7.0,-1.0,104450.0,2046
1.0,7.0,-1.0,106486.0,2047
1.0,7.0,-1.0,108523.0,2048
1.0,7.0,-1.0,110505.0,2049
0.0,8.0,-1.0,44662.0,2018
0.0,8.0,-1.0,45829.0,2019
0.0,8.0,-1.0,47844.0,2021
0.0,8.0,-1.0,48673.0,2022
0.0,8.0,-1.0,49265.0,2023
0.0,8.0,-1.0,50025.0,2024
0.0,8.0,-1.0,51660.0,2026
0.0,8.0,-1.0,52614.0,2027
0.0,8.0,-1.0,53726.0,2028
0.0,8.0,-1.0,54815.0,2029
0.0,8.0,-1.0,57381.0,2031
0.0,8.0,-1.0,58824.0,2032
0.0,8.0,-1.0,60349.0,2033
0.0,8.0,-1.0,61972.0,2034
0.0,8.0,-1.0,65313.0,2036
0.0,8.0,-1.0,67193.0,2037
0.0,8.0,-1.0,69303.0,2038
0.0,8.0,-1.0,71452.0,2039
0.0,8.0,-1.0,75679.0,2041
0.0,8.0,-1.0,77882.0,2042
0.0,8.0,-1.0,80183.0,2043
0.0,8.0,-1.0,84940.0,2045
0.0,8.0,-1.0,87221.0,2046
0.0,8.0,-1.0,89519.0,2047
0.0,8.0,-1.0,91801.0,2048
0.0,8.0,-1.0,94070.0,2049
1.0,8.0,-1.0,2030.0,2018
1.0,8.0,-1.0,2083.0,2019
1.0,8.0,-1.0,2175.0,2021
1.0,8.0,-1.0,2212.0,2022
1.0,8.0,-1.0,2239.0,2023
1.0,8.0,-1.0,2274.0,2024
1.0,8.0,-1.0,2348.0,2026
1.0,8.0,-1.0,2391.0,2027
1.0,8.0,-1.0,2442.0,2028
1.0,8.0,-1.0,2491.0,2029
1.0,8.0,-1.0,2608.0,2031
1.0,8.0,-1.0,2674.0,2032
1.0,8.0,-1.0,2743.0,2033
1.0,8.0,-1.0,2817.0,2034
1.0,8.0,-1.0,2969.0,2036
1.0,8.0,-1.0,3054.0,2037
1.0,8.0,-1.0,3150.0,2038
1.0,8.0,-1.0,3248.0,2039
1.0,8.0,-1.0,3440.0,2041
1.0,8.0,-1.0,3540.0,2042
1.0,8.0,-1.0,3644.0,2043
1.0,8.0,-1.0,3861.0,2045
1.0,8.0,-1.0,3964.0,2046
1.0,8.0,-1.0,4069.0,2047
1.0,8.0,-1.0,4173.0,2048
1.0,8.0,-1.0,4276.0,2049
0.0,9.0,-1.0,250475.0,2018
0.0,9.0,-1.0,252491.0,2019
0.0,9.0,-1.0,256184.0,2021
0.0,9.0,-1.0,258078.0,2022
0.0,9.0,-1.0,259635.0,2023
0.0,9.0,-1.0,261061.0,2024
0.0,9.0,-1.0,264808.0,2026
0.0,9.0,-1.0,266545.0,2027
0.0,9.0,-1.0,268572.0,2028
0.0,9.0,-1.0,270790.0,2029
0.0,9.0,-1.0,275509.0,2031
0.0,9.0,-1.0,278282.0,2032
0.0,9.0,-1.0,281406.0,2033
0.0,9.0,-1.0,284826.0,2034
0.0,9.0,-1.0,292186.0,2036
0.0,9.0,-1.0,295735.0,2037
0.0,9.0,-1.0,299503.0,2038
0.0,9.0,-1.0,303604.0,2039
0.0,9.0,-1.0,312561.0,2041
0.0,9.0,-1.0,317101.0,2042
0.0,9.0,-1.0,321863.0,2043
0.0,9.0,-1.0,331445.0,2045
0.0,9.0,-1.0,336124.0,2046
0.0,9.0,-1.0,340412.0,2047
0.0,9.0,-1.0,344595.0,2048
0.0,9.0,-1.0,348590.0,2049
1.0,9.0,-1.0,11385.0,2018
1.0,9.0,-1.0,11476.0,2019
1.0,9.0,-1.0,11644.0,2021
1.0,9.0,-1.0,11730.0,2022
1.0,9.0,-1.0,11801.0,2023
1.0,9.0,-1.0,11866.0,2024
1.0,9.0,-1.0,12036.0,2026
1.0,9.0,-1.0,12115.0,2027
1.0,9.0,-1.0,12207.0,2028
1.0,9.0,-1.0,12308.0,2029
1.0,9.0,-1.0,12523.0,2031
1.0,9.0,-1.0,12649.0,2032
1.0,9.0,-1.0,12791.0,2033
1.0,9.0,-1.0,12946.0,2034
1.0,9.0,-1.0,13281.0,2036
1.0,9.0,-1.0,13442.0,2037
1.0,9.0,-1.0,13613.0,2038
1.0,9.0,-1.0,13800.0,2039
1.0,9.0,-1.0,14207.0,2041
1.0,9.0,-1.0,14413.0,2042
1.0,9.0,-1.0,14629.0,2043
1.0,9.0,-1.0,15065.0,2045
1.0,9.0,-1.0,15278.0,2046
1.0,9.0,-1.0,15473.0,2047
1.0,9.0,-1.0,15663.0,2048
1.0,9.0,-1.0,15844.0,2049
0.0,10.0,-1.0,168354.0,2018
0.0,10.0,-1.0,173360.0,2019
0.0,10.0,-1.0,182714.0,2021
0.0,10.0,-1.0,187401.0,2022
0.0,10.0,-1.0,191429.0,2023
0.0,10.0,-1.0,195491.0,2024
0.0,10.0,-1.0,203679.0,2026
0.0,10.0,-1.0,207641.0,2027
0.0,10.0,-1.0,211736.0,2028
0.0,10.0,-1.0,215615.0,2029
0.0,10.0,-1.0,223069.0,2031
0.0,10.0,-1.0,225980.0,2032
0.0,10.0,-1.0,228631.0,2033
0.0,10.0,-1.0,231367.0,2034
0.0,10.0,-1.0,237405.0,2036
0.0,10.0,-1.0,240670.0,2037
0.0,10.0,-1.0,243696.0,2038
0.0,10.0,-1.0,245819.0,2039
0.0,10.0,-1.0,249252.0,2041
0.0,10.0,-1.0,250951.0,2042
0.0,10.0,-1.0,252761.0,2043
0.0,10.0,-1.0,256329.0,2045
0.0,10.0,-1.0,257993.0,2046
0.0,10.0,-1.0,259460.0,2047
0.0,10.0,-1.0,260776.0,2048
0.0,10.0,-1.0,261950.0,2049
1.0,10.0,-1.0,4863.0,2018
1.0,10.0,-1.0,5008.0,2019
1.0,10.0,-1.0,5278.0,2021
1.0,10.0,-1.0,5413.0,2022
1.0,10.0,-1.0,5529.0,2023
1.0,10.0,-1.0,5647.0,2024
1.0,10.0,-1.0,5883.0,2026
1.0,10.0,-1.0,5998.0,2027
1.0,10.0,-1.0,6116.0,2028
1.0,10.0,-1.0,6228.0,2029
1.0,10.0,-1.0,6443.0,2031
1.0,10.0,-1.0,6528.0,2032
1.0,10.0,-1.0,6604.0,2033
1.0,10.0,-1.0,6683.0,2034
1.0,10.0,-1.0,6858.0,2036
1.0,10.0,-1.0,6952.0,2037
1.0,10.0,-1.0,7039.0,2038
1.0,10.0,-1.0,7101.0,2039
1.0,10.0,-1.0,7200.0,2041
1.0,10.0,-1.0,7249.0,2042
1.0,10.0,-1.0,7301.0,2043
1.0,10.0,-1.0,7404.0,2045
1.0,10.0,-1.0,7452.0,2046
1.0,10.0,-1.0,7495.0,2047
1.0,10.0,-1.0,7533.0,2048
1.0,10.0,-1.0,7566.0,2049
0.0,11.0,-1.0,157444.0,2018
0.0,11.0,-1.0,158963.0,2019
0.0,11.0,-1.0,161559.0,2021
0.0,11.0,-1.0,162667.0,2022
0.0,11.0,-1.0,163376.0,2023
0.0,11.0,-1.0,164158.0,2024
0.0,11.0,-1.0,166132.0,2026
0.0,11.0,-1.0,167213.0,2027
0.0,11.0,-1.0,168580.0,2028
0.0,11.0,-1.0,170002.0,2029
0.0,11.0,-1.0,173210.0,2031
0.0,11.0,-1.0,175006.0,2032
0.0,11.0,-1.0,176989.0,2033
0.0,11.0,-1.0,179122.0,2034
0.0,11.0,-1.0,183443.0,2036
0.0,11.0,-1.0,185750.0,2037
0.0,11.0,-1.0,188313.0,2038
0.0,11.0,-1.0,190850.0,2039
0.0,11.0,-1.0,196000.0,2041
0.0,11.0,-1.0,198635.0,2042
0.0,11.0,-1.0,201317.0,2043
0.0,11.0,-1.0,206626.0,2045
0.0,11.0,-1.0,209060.0,2046
0.0,11.0,-1.0,211439.0,2047
0.0,11.0,-1.0,213751.0,2048
0.0,11.0,-1.0,216026.0,2049
1.0,11.0,-1.0,10051.0,2018
1.0,11.0,-1.0,10148.0,2019
1.0,11.0,-1.0,10313.0,2021
1.0,11.0,-1.0,10384.0,2022
1.0,11.0,-1.0,10430.0,2023
1.0,11.0,-1.0,10479.0,2024
1.0,11.0,-1.0,10606.0,2026
1.0,11.0,-1.0,10675.0,2027
1.0,11.0,-1.0,10762.0,2028
1.0,11.0,-1.0,10853.0,2029
1.0,11.0,-1.0,11057.0,2031
1.0,11.0,-1.0,11172.0,2032
1.0,11.0,-1.0,11298.0,2033
1.0,11.0,-1.0,11435.0,2034
1.0,11.0,-1.0,11711.0,2036
1.0,11.0,-1.0,11858.0,2037
1.0,11.0,-1.0,12021.0,2038
1.0,11.0,-1.0,12183.0,2039
1.0,11.0,-1.0,12512.0,2041
1.0,11.0,-1.0,12680.0,2042
1.0,11.0,-1.0,12852.0,2043
1.0,11.0,-1.0,13191.0,2045
1.0,11.0,-1.0,13346.0,2046
1.0,11.0,-1.0,13498.0,2047
1.0,11.0,-1.0,13645.0,2048
1.0,11.0,-1.0,13791.0,2049
0.0,12.0,-1.0,168856.0,2018
0.0,12.0,-1.0,170617.0,2019
0.0,12.0,-1.0,172730.0,2021
0.0,12.0,-1.0,173906.0,2022
0.0,12.0,-1.0,174909.0,2023
0.0,12.0,-1.0,175451.0,2024
0.0,12.0,-1.0,177040.0,2026
0.0,12.0,-1.0,177576.0,2027
0.0,12.0,-1.0,178283.0,2028
0.0,12.0,-1.0,179124.0,2029
0.0,12.0,-1.0,180326.0,2031
0.0,12.0,-1.0,180956.0,2032
0.0,12.0,-1.0,181487.0,2033
0.0,12.0,-1.0,181923.0,2034
0.0,12.0,-1.0,182651.0,2036
0.0,12.0,-1.0,182890.0,2037
0.0,12.0,-1.0,183201.0,2038
0.0,12.0,-1.0,183429.0,2039
0.0,12.0,-1.0,183620.0,2041
0.0,12.0,-1.0,183607.0,2042
0.0,12.0,-1.0,183529.0,2043
0.0,12.0,-1.0,183194.0,2045
0.0,12.0,-1.0,182905.0,2046
0.0,12.0,-1.0,182560.0,2047
0.0,12.0,-1.0,182158.0,2048
0.0,12.0,-1.0,181725.0,2049
1.0,12.0,-1.0,8056.0,2018
1.0,12.0,-1.0,8140.0,2019
1.0,12.0,-1.0,8240.0,2021
1.0,12.0,-1.0,8297.0,2022
1.0,12.0,-1.0,8344.0,2023
1.0,12.0,-1.0,8370.0,2024
1.0,12.0,-1.0,8446.0,2026
1.0,12.0,-1.0,8472.0,2027
1.0,12.0,-1.0,8505.0,2028
1.0,12.0,-1.0,8546.0,2029
1.0,12.0,-1.0,8603.0,2031
1.0,12.0,-1.0,8633.0,2032
1.0,12.0,-1.0,8658.0,2033
1.0,12.0,-1.0,8679.0,2034
1.0,12.0,-1.0,8714.0,2036
1.0,12.0,-1.0,8725.0,2037
1.0,12.0,-1.0,8740.0,2038
1.0,12.0,-1.0,8751.0,2039
1.0,12.0,-1.0,8760.0,2041
1.0,12.0,-1.0,8759.0,2042
1.0,12.0,-1.0,8756.0,2043
1.0,12.0,-1.0,8740.0,2045
1.0,12.0,-1.0,8726.0,2046
1.0,12.0,-1.0,8709.0,2047
1.0,12.0,-1.0,8690.0,2048
1.0,12.0,-1.0,8670.0,2049
0.0,13.0,-1.0,136583.0,2018
0.0,13.0,-1.0,138102.0,2019
0.0,13.0,-1.0,140813.0,2021
0.0,13.0,-1.0,142441.0,2022
0.0,13.0,-1.0,144088.0,2023
0.0,13.0,-1.0,145562.0,2024
0.0,13.0,-1.0,148806.0,2026
0.0,13.0,-1.0,150351.0,2027
0.0,13.0,-1.0,151985.0,2028
0.0,13.0,-1.0,153726.0,2029
0.0,13.0,-1.0,157122.0,2031
0.0,13.0,-1.0,158850.0,2032
0.0,13.0,-1.0,160490.0,2033
0.0,13.0,-1.0,162115.0,2034
0.0,13.0,-1.0,165573.0,2036
0.0,13.0,-1.0,167415.0,2037
0.0,13.0,-1.0,169306.0,2038
0.0,13.0,-1.0,171065.0,2039
0.0,13.0,-1.0,174311.0,2041
0.0,13.0,-1.0,175947.0,2042
0.0,13.0,-1.0,177597.0,2043
0.0,13.0,-1.0,180969.0,2045
0.0,13.0,-1.0,182665.0,2046
0.0,13.0,-1.0,184385.0,2047
0.0,13.0,-1.0,186080.0,2048
0.0,13.0,-1.0,187783.0,2049
1.0,13.0,-1.0,6208.0,2018
1.0,13.0,-1.0,6277.0,2019
1.0,13.0,-1.0,6400.0,2021
1.0,13.0,-1.0,6474.0,2022
1.0,13.0,-1.0,6549.0,2023
1.0,13.0,-1.0,6616.0,2024
1.0,13.0,-1.0,6764.0,2026
1.0,13.0,-1.0,6834.0,2027
1.0,13.0,-1.0,6908.0,2028
1.0,13.0,-1.0,6987.0,2029
1.0,13.0,-1.0,7142.0,2031
1.0,13.0,-1.0,7220.0,2032
1.0,13.0,-1.0,7295.0,2033
1.0,13.0,-1.0,7368.0,2034
1.0,13.0,-1.0,7526.0,2036
1.0,13.0,-1.0,7609.0,2037
1.0,13.0,-1.0,7695.0,2038
1.0,13.0,-1.0,7775.0,2039
1.0,13.0,-1.0,7923.0,2041
1.0,13.0,-1.0,7997.0,2042
1.0,13.0,-1.0,8072.0,2043
1.0,13.0,-1.0,8225.0,2045
1.0,13.0,-1.0,8303.0,2046
1.0,13.0,-1.0,8381.0,2047
1.0,13.0,-1.0,8458.0,2048
1.0,13.0,-1.0,8535.0,2049
-1.0,-1.0,1.0,42405.0,2020
-1.0,-1.0,1.0,43986.0,2025
-1.0,-1.0,1.0,45567.0,2030
-1.0,-1.0,1.0,47148.0,2035
-1.0,-1.0,1.0,48729.0,2040
-1.0,-1.0,1.0,49994.0,2044
-1.0,-1.0,1.0,51891.0,2050
-1.0,-1.0,2.0,112371.0,2020
-1.0,-1.0,2.0,115647.0,2025
-1.0,-1.0,2.0,118924.0,2030
-1.0,-1.0,2.0,122200.0,2035
-1.0,-1.0,2.0,125476.0,2040
-1.0,-1.0,2.0,128097.0,2044
-1.0,-1.0,2.0,132029.0,2050
-1.0,-1.0,3.0,27161.0,2020
-1.0,-1.0,3.0,29024.0,2025
-1.0,-1.0,3.0,30888.0,2030
-1.0,-1.0,3.0,32751.0,2035
-1.0,-1.0,3.0,34614.0,2040
-1.0,-1.0,3.0,36105.0,2044
-1.0,-1.0,3.0,38341.0,2050
-1.0,-1.0,4.0,12720.0,2020
-1.0,-1.0,4.0,13628.0,2025
-1.0,-1.0,4.0,14536.0,2030
-1.0,-1.0,4.0,15444.0,2035
-1.0,-1.0,4.0,16351.0,2040
-1.0,-1.0,4.0,17078.0,2044
-1.0,-1.0,4.0,18167.0,2050
-1.0,-1.0,5.0,7646.0,2020
-1.0,-1.0,5.0,7752.0,2025
-1.0,-1.0,5.0,7857.0,2030
-1.0,-1.0,5.0,7963.0,2035
-1.0,-1.0,5.0,8069.0,2040
-1.0,-1.0,5.0,8153.0,2044
-1.0,-1.0,5.0,8280.0,2050
-1.0,-1.0,6.0,19849.0,2020
-1.0,-1.0,6.0,20292.0,2025
-1.0,-1.0,6.0,20736.0,2030
-1.0,-1.0,6.0,21180.0,2035
-1.0,-1.0,6.0,21623.0,2040
-1.0,-1.0,6.0,21978.0,2044
-1.0,-1.0,6.0,22510.0,2050
-1.0,-1.0,7.0,22720.0,2020
-1.0,-1.0,7.0,22869.0,2025
-1.0,-1.0,7.0,23018.0,2030
-1.0,-1.0,7.0,23167.0,2035
-1.0,-1.0,7.0,23316.0,2040
-1.0,-1.0,7.0,23435.0,2044
-1.0,-1.0,7.0,23614.0,2050
-1.0,-1.0,8.0,59499.0,2020
-1.0,-1.0,8.0,60264.0,2025
-1.0,-1.0,8.0,61029.0,2030
-1.0,-1.0,8.0,61794.0,2035
-1.0,-1.0,8.0,62559.0,2040
-1.0,-1.0,8.0,63171.0,2044
-1.0,-1.0,8.0,64089.0,2050
-1.0,-1.0,9.0,14230.0,2020
-1.0,-1.0,9.0,14772.0,2025
-1.0,-1.0,9.0,15313.0,2030
-1.0,-1.0,9.0,15854.0,2035
-1.0,-1.0,9.0,16396.0,2040
-1.0,-1.0,9.0,16829.0,2044
-1.0,-1.0,9.0,17479.0,2050
-1.0,-1.0,10.0,25217.0,2020
-1.0,-1.0,10.0,25681.0,2025
-1.0,-1.0,10.0,26145.0,2030
-1.0,-1.0,10.0,26610.0,2035
-1.0,-1.0,10.0,27074.0,2040
-1.0,-1.0,10.0,27445.0,2044
-1.0,-1.0,10.0,28002.0,2050
-1.0,-1.0,11.0,26279.0,2020
-1.0,-1.0,11.0,26967.0,2025
-1.0,-1.0,11.0,27655.0,2030
-1.0,-1.0,11.0,28343.0,2035
-1.0,-1.0,11.0,29031.0,2040
-1.0,-1.0,11.0,29581.0,2044
-1.0,-1.0,11.0,30407.0,2050
-1.0,-1.0,12.0,4980.0,2020
-1.0,-1.0,12.0,5260.0,2025
-1.0,-1.0,12.0,5540.0,2030
-1.0,-1.0,12.0,5820.0,2035
-1.0,-1.0,12.0,6101.0,2040
-1.0,-1.0,12.0,6325.0,2044
-1.0,-1.0,12.0,6661.0,2050
-1.0,-1.0,13.0,23060.0,2020
-1.0,-1.0,13.0,23429.0,2025
-1.0,-1.0,13.0,23798.0,2030
-1.0,-1.0,13.0,24166.0,2035
-1.0,-1.0,13.0,24535.0,2040
-1.0,-1.0,13.0,24830.0,2044
-1.0,-1.0,13.0,25273.0,2050
-1.0,-1.0,14.0,4880.0,2020
-1.0,-1.0,14.0,4934.0,2025
-1.0,-1.0,14.0,4989.0,2030
-1.0,-1.0,14.0,5043.0,2035
-1.0,-1.0,14.0,5097.0,2040
-1.0,-1.0,14.0,5141.0,2044
-1.0,-1.0,14.0,5206.0,2050
-1.0,-1.0,15.0,2044.0,2020
-1.0,-1.0,15.0,2212.0,2025
-1.0,-1.0,15.0,2379.0,2030
-1.0,-1.0,15.0,2546.0,2035
-1.0,-1.0,15.0,2714.0,2040
-1.0,-1.0,15.0,2848.0,2044
-1.0,-1.0,15.0,3049.0,2050
-1.0,-1.0,16.0,2277.0,2020
-1.0,-1.0,16.0,2330.0,2025
-1.0,-1.0,16.0,2382.0,2030
-1.0,-1.0,16.0,2434.0,2035
-1.0,-1.0,16.0,2487.0,2040
-1.0,-1.0,16.0,2529.0,2044
-1.0,-1.0,16.0,2592.0,2050
-1.0,-1.0,17.0,1166.0,2020
-1.0,-1.0,17.0,1166.0,2025
-1.0,-1.0,17.0,1166.0,2030
-1.0,-1.0,17.0,1166.0,2035
-1.0,-1.0,17.0,1166.0,2040
-1.0,-1.0,17.0,1166.0,2044
-1.0,-1.0,17.0,1166.0,2050
-1.0,-1.0,18.0,5114.0,2020
-1.0,-1.0,18.0,5114.0,2025
-1.0,-1.0,18.0,5114.0,2030
-1.0,-1.0,18.0,5114.0,2035
-1.0,-1.0,18.0,5114.0,2040
-1.0,-1.0,18.0,5114.0,2044
-1.0,-1.0,18.0,5114.0,2050
-1.0,-1.0,19.0,1319.0,2020
-1.0,-1.0,19.0,1447.0,2025
-1.0,-1.0,19.0,1575.0,2030
-1.0,-1.0,19.0,1702.0,2035
-1.0,-1.0,19.0,1830.0,2040
-1.0,-1.0,19.0,1933.0,2044
-1.0,-1.0,19.0,2086.0,2050
-1.0,-1.0,20.0,4037.0,2020
-1.0,-1.0,20.0,4210.0,2025
-1.0,-1.0,20.0,4384.0,2030
-1.0,-1.0,20.0,4558.0,2035
-1.0,-1.0,20.0,4731.0,2040
-1.0,-1.0,20.0,4870.0,2044
-1.0,-1.0,20.0,5078.0,2050
-1.0,-1.0,22.0,849.0,2020
-1.0,-1.0,22.0,854.0,2025
-1.0,-1.0,22.0,858.0,2030
-1.0,-1.0,22.0,863.0,2035
-1.0,-1.0,22.0,868.0,2040
-1.0,-1.0,22.0,871.0,2044
-1.0,-1.0,22.0,877.0,2050
-1.0,-1.0,23.0,3000.0,2020
-1.0,-1.0,23.0,3017.0,2025
-1.0,-1.0,23.0,3035.0,2030
-1.0,-1.0,23.0,3052.0,2035
-1.0,-1.0,23.0,3069.0,2040
-1.0,-1.0,23.0,3083.0,2044
-1.0,-1.0,23.0,3104.0,2050
-1.0,-1.0,24.0,1156.0,2020
-1.0,-1.0,24.0,1194.0,2025
-1.0,-1.0,24.0,1232.0,2030
-1.0,-1.0,24.0,1270.0,2035
-1.0,-1.0,24.0,1309.0,2040
-1.0,-1.0,24.0,1339.0,2044
-1.0,-1.0,24.0,1385.0,2050
-1.0,-1.0,25.0,10356.0,2020
-1.0,-1.0,25.0,10568.0,2025
-1.0,-1.0,25.0,10780.0,2030
-1.0,-1.0,25.0,10992.0,2035
-1.0,-1.0,25.0,11204.0,2040
-1.0,-1.0,25.0,11374.0,2044
-1.0,-1.0,25.0,11628.0,2050
-1.0,-1.0,26.0,12308.0,2020
-1.0,-1.0,26.0,12520.0,2025
-1.0,-1.0,26.0,12731.0,2030
-1.0,-1.0,26.0,12943.0,2035
-1.0,-1.0,26.0,13155.0,2040
-1.0,-1.0,26.0,13324.0,2044
-1.0,-1.0,26.0,13578.0,2050
-1.0,-1.0,27.0,2327.0,2020
-1.0,-1.0,27.0,2428.0,2025
-1.0,-1.0,27.0,2529.0,2030
-1.0,-1.0,27.0,2630.0,2035
-1.0,-1.0,27.0,2730.0,2040
-1.0,-1.0,27.0,2811.0,2044
-1.0,-1.0,27.0,2932.0,2050
-1.0,-1.0,28.0,17.0,2020
-1.0,-1.0,28.0,18.0,2025
-1.0,-1.0,28.0,20.0,2030
-1.0,-1.0,28.0,21.0,2035
-1.0,-1.0,28.0,22.0,2040
-1.0,-1.0,28.0,23.0,2044
-1.0,-1.0,28.0,25.0,2050
-1.0,-1.0,29.0,695.0,2020
-1.0,-1.0,29.0,849.0,2025
-1.0,-1.0,29.0,1004.0,2030
-1.0,-1.0,29.0,1158.0,2035
-1.0,-1.0,29.0,1312.0,2040
-1.0,-1.0,29.0,1436.0,2044
-1.0,-1.0,29.0,1621.0,2050
-1.0,-1.0,30.0,1037.0,2020
-1.0,-1.0,30.0,1122.0,2025
-1.0,-1.0,30.0,1207.0,2030
-1.0,-1.0,30.0,1292.0,2035
-1.0,-1.0,30.0,1376.0,2040
-1.0,-1.0,30.0,1444.0,2044
-1.0,-1.0,30.0,1546.0,2050
-1.0,-1.0,31.0,1043.0,2020
-1.0,-1.0,31.0,1016.0,2025
-1.0,-1.0,31.0,988.0,2030
-1.0,-1.0,31.0,960.0,2035
-1.0,-1.0,31.0,933.0,2040
-1.0,-1.0,31.0,911.0,2044
-1.0,-1.0,31.0,878.0,2050
-1.0,-1.0,32.0,5922.0,2020
-1.0,-1.0,32.0,6969.0,2025
-1.0,-1.0,32.0,8016.0,2030
-1.0,-1.0,32.0,9062.0,2035
-1.0,-1.0,32.0,10109.0,2040
-1.0,-1.0,32.0,10947.0,2044
-1.0,-1.0,32.0,12203.0,2050
-1.0,-1.0,33.0,1587.0,2020
-1.0,-1.0,33.0,1738.0,2025
-1.0,-1.0,33.0,1890.0,2030
-1.0,-1.0,33.0,2041.0,2035
-1.0,-1.0,33.0,2192.0,2040
-1.0,-1.0,33.0,2313.0,2044
-1.0,-1.0,33.0,2495.0,2050
-1.0,-1.0,34.0,6004.0,2020
-1.0,-1.0,34.0,6178.0,2025
-1.0,-1.0,34.0,6352.0,2030
-1.0,-1.0,34.0,6526.0,2035
-1.0,-1.0,34.0,6701.0,2040
-1.0,-1.0,34.0,6840.0,2044
-1.0,-1.0,34.0,7049.0,2050
-1.0,-1.0,35.0,110.0,2020
-1.0,-1.0,35.0,103.0,2025
-1.0,-1.0,35.0,96.0,2030
-1.0,-1.0,35.0,89.0,2035
-1.0,-1.0,35.0,82.0,2040
-1.0,-1.0,35.0,76.0,2044
-1.0,-1.0,35.0,68.0,2050
-1.0,-1.0,36.0,5818.0,2020
-1.0,-1.0,36.0,6069.0,2025
-1.0,-1.0,36.0,6320.0,2030
-1.0,-1.0,36.0,6572.0,2035
-1.0,-1.0,36.0,6823.0,2040
-1.0,-1.0,36.0,7024.0,2044
-1.0,-1.0,36.0,7325.0,2050
-1.0,-1.0,37.0,617.0,2020
-1.0,-1.0,37.0,620.0,2025
-1.0,-1.0,37.0,623.0,2030
-1.0,-1.0,37.0,626.0,2035
-1.0,-1.0,37.0,630.0,2040
-1.0,-1.0,37.0,632.0,2044
-1.0,-1.0,37.0,636.0,2050
-1.0,-1.0,38.0,111.0,2020
-1.0,-1.0,38.0,296.0,2025
-1.0,-1.0,38.0,482.0,2030
-1.0,-1.0,38.0,667.0,2035
-1.0,-1.0,38.0,852.0,2040
-1.0,-1.0,38.0,1001.0,2044
-1.0,-1.0,38.0,1223.0,2050
-1.0,-1.0,39.0,1143.0,2020
-1.0,-1.0,39.0,1152.0,2025
-1.0,-1.0,39.0,1162.0,2030
-1.0,-1.0,39.0,1171.0,2035
-1.0,-1.0,39.0,1180.0,2040
-1.0,-1.0,39.0,1188.0,2044
-1.0,-1.0,39.0,1199.0,2050
-1.0,-1.0,40.0,3718.0,2020
-1.0,-1.0,40.0,4207.0,2025
-1.0,-1.0,40.0,4696.0,2030
-1.0,-1.0,40.0,5184.0,2035
-1.0,-1.0,40.0,5673.0,2040
-1.0,-1.0,40.0,6064.0,2044
-1.0,-1.0,40.0,6651.0,2050
-1.0,-1.0,41.0,1484.0,2020
-1.0,-1.0,41.0,1444.0,2025
-1.0,-1.0,41.0,1403.0,2030
-1.0,-1.0,41.0,1362.0,2035
-1.0,-1.0,41.0,1322.0,2040
-1.0,-1.0,41.0,1290.0,2044
-1.0,-1.0,41.0,1241.0,2050
-1.0,-1.0,42.0,9428.0,2020
-1.0,-1.0,42.0,9428.0,2025
-1.0,-1.0,42.0,9428.0,2030
-1.0,-1.0,42.0,9428.0,2035
-1.0,-1.0,42.0,9427.0,2040
-1.0,-1.0,42.0,9427.0,2044
-1.0,-1.0,42.0,9427.0,2050
-1.0,-1.0,43.0,64.0,2020
-1.0,-1.0,43.0,64.0,2025
-1.0,-1.0,43.0,64.0,2030
-1.0,-1.0,43.0,64.0,2035
-1.0,-1.0,43.0,64.0,2040
-1.0,-1.0,43.0,64.0,2044
-1.0,-1.0,43.0,64.0,2050
-1.0,-1.0,44.0,5867.0,2020
-1.0,-1.0,44.0,6712.0,2025
-1.0,-1.0,44.0,7558.0,2030
-1.0,-1.0,44.0,8403.0,2035
-1.0,-1.0,44.0,9248.0,2040
-1.0,-1.0,44.0,9925.0,2044
-1.0,-1.0,44.0,10939.0,2050
-1.0,-1.0,45.0,78.0,2020
-1.0,-1.0,45.0,83.0,2025
-1.0,-1.0,45.0,87.0,2030
-1.0,-1.0,45.0,92.0,2035
-1.0,-1.0,45.0,97.0,2040
-1.0,-1.0,45.0,100.0,2044
-1.0,-1.0,45.0,106.0,2050
-1.0,-1.0,46.0,6.0,2020
-1.0,-1.0,46.0,6.0,2025
-1.0,-1.0,46.0,6.0,2030
-1.0,-1.0,46.0,6.0,2035
-1.0,-1.0,46.0,6.0,2040
-1.0,-1.0,46.0,6.0,2044
-1.0,-1.0,46.0,6.0,2050
-1.0,-1.0,48.0,23.0,2020
-1.0,-1.0,48.0,27.0,2025
-1.0,-1.0,48.0,31.0,2030
-1.0,-1.0,48.0,36.0,2035
-1.0,-1.0,48.0,40.0,2040
-1.0,-1.0,48.0,43.0,2044
-1.0,-1.0,48.0,48.0,2050
-1.0,-1.0,49.0,0.0,2020
-1.0,-1.0,49.0,0.0,2025
-1.0,-1.0,49.0,0.0,2030
-1.0,-1.0,49.0,0.0,2035
-1.0,-1.0,49.0,0.0,2040
-1.0,-1.0,49.0,0.0,2044
-1.0,-1.0,49.0,0.0,2050
-1.0,-1.0,51.0,6.0,2020
-1.0,-1.0,51.0,6.0,2025
-1.0,-1.0,51.0,6.0,2030
-1.0,-1.0,51.0,6.0,2035
-1.0,-1.0,51.0,6.0,2040
-1.0,-1.0,51.0,6.0,2044
-1.0,-1.0,51.0,6.0,2050
-1.0,-1.0,52.0,210.0,2020
-1.0,-1.0,52.0,281.0,2025
-1.0,-1.0,52.0,351.0,2030
-1.0,-1.0,52.0,422.0,2035
-1.0,-1.0,52.0,493.0,2040
-1.0,-1.0,52.0,549.0,2044
-1.0,-1.0,52.0,634.0,2050
-1.0,-1.0,53.0,556.0,2020
-1.0,-1.0,53.0,691.0,2025
-1.0,-1.0,53.0,826.0,2030
-1.0,-1.0,53.0,960.0,2035
-1.0,-1.0,53.0,1095.0,2040
-1.0,-1.0,53.0,1203.0,2044
-1.0,-1.0,53.0,1365.0,2050
-1.0,-1.0,57.0,0.0,2020
-1.0,-1.0,57.0,0.0,2025
-1.0,-1.0,57.0,0.0,2030
-1.0,-1.0,57.0,0.0,2035
-1.0,-1.0,57.0,0.0,2040
-1.0,-1.0,57.0,0.0,2044
-1.0,-1.0,57.0,0.0,2050
-1.0,-1.0,58.0,41.0,2020
-1.0,-1.0,58.0,41.0,2025
-1.0,-1.0,58.0,41.0,2030
-1.0,-1.0,58.0,42.0,2035
-1.0,-1.0,58.0,42.0,2040
-1.0,-1.0,58.0,42.0,2044
-1.0,-1.0,58.0,42.0,2050
-1.0,-1.0,60.0,461.0,2020
-1.0,-1.0,60.0,466.0,2025
-1.0,-1.0,60.0,471.0,2030
-1.0,-1.0,60.0,476.0,2035
-1.0,-1.0,60.0,481.0,2040
-1.0,-1.0,60.0,485.0,2044
-1.0,-1.0,60.0,491.0,2050
-1.0,-1.0,61.0,65.0,2020
-1.0,-1.0,61.0,64.0,2025
-1.0,-1.0,61.0,63.0,2030
-1.0,-1.0,61.0,62.0,2035
-1.0,-1.0,61.0,62.0,2040
-1.0,-1.0,61.0,61.0,2044
-1.0,-1.0,61.0,60.0,2050
-1.0,-1.0,64.0,26301.0,2020
-1.0,-1.0,64.0,26566.0,2025
-1.0,-1.0,64.0,26831.0,2030
-1.0,-1.0,64.0,27096.0,2035
-1.0,-1.0,64.0,27362.0,2040
-1.0,-1.0,64.0,27574.0,2044
-1.0,-1.0,64.0,27892.0,2050
-1.0,-1.0,65.0,13534.0,2020
-1.0,-1.0,65.0,13842.0,2025
-1.0,-1.0,65.0,14149.0,2030
-1.0,-1.0,65.0,14456.0,2035
-1.0,-1.0,65.0,14764.0,2040
-1.0,-1.0,65.0,15010.0,2044
-1.0,-1.0,65.0,15379.0,2050
-1.0,-1.0,67.0,1401.0,2020
-1.0,-1.0,67.0,1911.0,2025
-1.0,-1.0,67.0,2422.0,2030
-1.0,-1.0,67.0,2932.0,2035
-1.0,-1.0,67.0,3442.0,2040
-1.0,-1.0,67.0,3851.0,2044
-1.0,-1.0,67.0,4463.0,2050
-1.0,-1.0,68.0,4362.0,2020
-1.0,-1.0,68.0,4601.0,2025
-1.0,-1.0,68.0,4841.0,2030
-1.0,-1.0,68.0,5080.0,2035
-1.0,-1.0,68.0,5319.0,2040
-1.0,-1.0,68.0,5511.0,2044
-1.0,-1.0,68.0,5798.0,2050
-1.0,-1.0,69.0,6973.0,2020
-1.0,-1.0,69.0,7212.0,2025
-1.0,-1.0,69.0,7452.0,2030
-1.0,-1.0,69.0,7692.0,2035
-1.0,-1.0,69.0,7931.0,2040
-1.0,-1.0,69.0,8123.0,2044
-1.0,-1.0,69.0,8410.0,2050
-1.0,-1.0,70.0,759.0,2020
-1.0,-1.0,70.0,1012.0,2025
-1.0,-1.0,70.0,1266.0,2030
-1.0,-1.0,70.0,1519.0,2035
-1.0,-1.0,70.0,1772.0,2040
-1.0,-1.0,70.0,1975.0,2044
-1.0,-1.0,70.0,2279.0,2050
-1.0,-1.0,71.0,4566.0,2020
-1.0,-1.0,71.0,5358.0,2025
-1.0,-1.0,71.0,6150.0,2030
-1.0,-1.0,71.0,6942.0,2035
-1.0,-1.0,71.0,7735.0,2040
-1.0,-1.0,71.0,8368.0,2044
-1.0,-1.0,71.0,9319.0,2050
-1.0,-1.0,72.0,2085.0,2020
-1.0,-1.0,72.0,2399.0,2025
-1.0,-1.0,72.0,2712.0,2030
-1.0,-1.0,72.0,3026.0,2035
-1.0,-1.0,72.0,3340.0,2040
-1.0,-1.0,72.0,3591.0,2044
-1.0,-1.0,72.0,3967.0,2050
-1.0,-1.0,73.0,6949.0,2020
-1.0,-1.0,73.0,7237.0,2025
-1.0,-1.0,73.0,7525.0,2030
-1.0,-1.0,73.0,7812.0,2035
-1.0,-1.0,73.0,8100.0,2040
-1.0,-1.0,73.0,8331.0,2044
-1.0,-1.0,73.0,8676.0,2050
-1.0,-1.0,74.0,76.0,2020
-1.0,-1.0,74.0,96.0,2025
-1.0,-1.0,74.0,117.0,2030
-1.0,-1.0,74.0,137.0,2035
-1.0,-1.0,74.0,157.0,2040
-1.0,-1.0,74.0,174.0,2044
-1.0,-1.0,74.0,198.0,2050
-1.0,-1.0,75.0,3985.0,2020
-1.0,-1.0,75.0,4293.0,2025
-1.0,-1.0,75.0,4602.0,2030
-1.0,-1.0,75.0,4910.0,2035
-1.0,-1.0,75.0,5218.0,2040
-1.0,-1.0,75.0,5465.0,2044
-1.0,-1.0,75.0,5835.0,2050
-1.0,-1.0,76.0,15752.0,2020
-1.0,-1.0,76.0,16234.0,2025
-1.0,-1.0,76.0,16717.0,2030
-1.0,-1.0,76.0,17200.0,2035
-1.0,-1.0,76.0,17682.0,2040
-1.0,-1.0,76.0,18068.0,2044
-1.0,-1.0,76.0,18647.0,2050
-1.0,-1.0,77.0,44080.0,2020
-1.0,-1.0,77.0,45565.0,2025
-1.0,-1.0,77.0,47049.0,2030
-1.0,-1.0,77.0,48534.0,2035
-1.0,-1.0,77.0,50019.0,2040
-1.0,-1.0,77.0,51206.0,2044
-1.0,-1.0,77.0,52988.0,2050
-1.0,-1.0,78.0,1244.0,2020
-1.0,-1.0,78.0,1244.0,2025
-1.0,-1.0,78.0,1244.0,2030
-1.0,-1.0,78.0,1244.0,2035
-1.0,-1.0,78.0,1244.0,2040
-1.0,-1.0,78.0,1244.0,2044
-1.0,-1.0,78.0,1244.0,2050
-1.0,-1.0,79.0,13662.0,2020
-1.0,-1.0,79.0,13869.0,2025
-1.0,-1.0,79.0,14076.0,2030
-1.0,-1.0,79.0,14282.0,2035
-1.0,-1.0,79.0,14489.0,2040
-1.0,-1.0,79.0,14655.0,2044
-1.0,-1.0,79.0,14903.0,2050
-1.0,-1.0,80.0,15252.0,2020
-1.0,-1.0,80.0,15560.0,2025
-1.0,-1.0,80.0,15869.0,2030
-1.0,-1.0,80.0,16178.0,2035
-1.0,-1.0,80.0,16486.0,2040
-1.0,-1.0,80.0,16733.0,2044
-1.0,-1.0,80.0,17103.0,2050
-1.0,-1.0,81.0,2740.0,2020
-1.0,-1.0,81.0,2748.0,2025
-1.0,-1.0,81.0,2756.0,2030
-1.0,-1.0,81.0,2764.0,2035
-1.0,-1.0,81.0,2772.0,2040
-1.0,-1.0,81.0,2778.0,2044
-1.0,-1.0,81.0,2788.0,2050
-1.0,-1.0,82.0,3505.0,2020
-1.0,-1.0,82.0,3672.0,2025
-1.0,-1.0,82.0,3840.0,2030
-1.0,-1.0,82.0,4007.0,2035
-1.0,-1.0,82.0,4174.0,2040
-1.0,-1.0,82.0,4308.0,2044
-1.0,-1.0,82.0,4509.0,2050
-1.0,-1.0,83.0,12691.0,2020
-1.0,-1.0,83.0,13684.0,2025
-1.0,-1.0,83.0,14677.0,2030
-1.0,-1.0,83.0,15670.0,2035
-1.0,-1.0,83.0,16663.0,2040
-1.0,-1.0,83.0,17457.0,2044
-1.0,-1.0,83.0,18649.0,2050
-1.0,-1.0,84.0,496.0,2020
-1.0,-1.0,84.0,500.0,2025
-1.0,-1.0,84.0,503.0,2030
-1.0,-1.0,84.0,506.0,2035
-1.0,-1.0,84.0,510.0,2040
-1.0,-1.0,84.0,513.0,2044
-1.0,-1.0,84.0,517.0,2050
-1.0,-1.0,85.0,18451.0,2020
-1.0,-1.0,85.0,18670.0,2025
-1.0,-1.0,85.0,18889.0,2030
-1.0,-1.0,85.0,19108.0,2035
-1.0,-1.0,85.0,19327.0,2040
-1.0,-1.0,85.0,19502.0,2044
-1.0,-1.0,85.0,19765.0,2050
-1.0,-1.0,86.0,15626.0,2020
-1.0,-1.0,86.0,16732.0,2025
-1.0,-1.0,86.0,17838.0,2030
-1.0,-1.0,86.0,18944.0,2035
-1.0,-1.0,86.0,20051.0,2040
-1.0,-1.0,86.0,20936.0,2044
-1.0,-1.0,86.0,22263.0,2050
-1.0,-1.0,87.0,6555.0,2020
-1.0,-1.0,87.0,6915.0,2025
-1.0,-1.0,87.0,7275.0,2030
-1.0,-1.0,87.0,7635.0,2035
-1.0,-1.0,87.0,7995.0,2040
-1.0,-1.0,87.0,8283.0,2044
-1.0,-1.0,87.0,8715.0,2050
-1.0,-1.0,88.0,2241.0,2020
-1.0,-1.0,88.0,2468.0,2025
-1.0,-1.0,88.0,2694.0,2030
-1.0,-1.0,88.0,2920.0,2035
-1.0,-1.0,88.0,3147.0,2040
-1.0,-1.0,88.0,3328.0,2044
-1.0,-1.0,88.0,3600.0,2050
-1.0,-1.0,89.0,54.0,2020
-1.0,-1.0,89.0,55.0,2025
-1.0,-1.0,89.0,57.0,2030
-1.0,-1.0,89.0,58.0,2035
-1.0,-1.0,89.0,59.0,2040
-1.0,-1.0,89.0,60.0,2044
-1.0,-1.0,89.0,62.0,2050
-1.0,-1.0,90.0,970.0,2020
-1.0,-1.0,90.0,1002.0,2025
-1.0,-1.0,90.0,1034.0,2030
-1.0,-1.0,90.0,1066.0,2035
-1.0,-1.0,90.0,1097.0,2040
-1.0,-1.0,90.0,1123.0,2044
-1.0,-1.0,90.0,1161.0,2050
-1.0,-1.0,91.0,2243.0,2020
-1.0,-1.0,91.0,2654.0,2025
-1.0,-1.0,91.0,3066.0,2030
-1.0,-1.0,91.0,3478.0,2035
-1.0,-1.0,91.0,3889.0,2040
-1.0,-1.0,91.0,4218.0,2044
-1.0,-1.0,91.0,4712.0,2050
-1.0,-1.0,92.0,12859.0,2020
-1.0,-1.0,92.0,13435.0,2025
-1.0,-1.0,92.0,14011.0,2030
-1.0,-1.0,92.0,14587.0,2035
-1.0,-1.0,92.0,15163.0,2040
-1.0,-1.0,92.0,15624.0,2044
-1.0,-1.0,92.0,16315.0,2050
-1.0,-1.0,93.0,2205.0,2020
-1.0,-1.0,93.0,2298.0,2025
-1.0,-1.0,93.0,2390.0,2030
-1.0,-1.0,93.0,2482.0,2035
-1.0,-1.0,93.0,2575.0,2040
-1.0,-1.0,93.0,2649.0,2044
-1.0,-1.0,93.0,2760.0,2050
-1.0,-1.0,94.0,1472.0,2020
-1.0,-1.0,94.0,1513.0,2025
-1.0,-1.0,94.0,1554.0,2030
-1.0,-1.0,94.0,1596.0,2035
-1.0,-1.0,94.0,1637.0,2040
-1.0,-1.0,94.0,1670.0,2044
-1.0,-1.0,94.0,1719.0,2050
-1.0,-1.0,95.0,2006.0,2020
-1.0,-1.0,95.0,2140.0,2025
-1.0,-1.0,95.0,2274.0,2030
-1.0,-1.0,95.0,2408.0,2035
-1.0,-1.0,95.0,2541.0,2040
-1.0,-1.0,95.0,2648.0,2044
-1.0,-1.0,95.0,2809.0,2050
-1.0,-1.0,96.0,188.0,2020
-1.0,-1.0,96.0,207.0,2025
-1.0,-1.0,96.0,227.0,2030
-1.0,-1.0,96.0,246.0,2035
-1.0,-1.0,96.0,265.0,2040
-1.0,-1.0,96.0,281.0,2044
-1.0,-1.0,96.0,304.0,2050
-1.0,-1.0,97.0,531.0,2020
-1.0,-1.0,97.0,546.0,2025
-1.0,-1.0,97.0,561.0,2030
-1.0,-1.0,97.0,576.0,2035
-1.0,-1.0,97.0,591.0,2040
-1.0,-1.0,97.0,603.0,2044
-1.0,-1.0,97.0,621.0,2050
-1.0,-1.0,98.0,80.0,2020
-1.0,-1.0,98.0,82.0,2025
-1.0,-1.0,98.0,84.0,2030
-1.0,-1.0,98.0,86.0,2035
-1.0,-1.0,98.0,89.0,2040
-1.0,-1.0,98.0,90.0,2044
-1.0,-1.0,98.0,93.0,2050
-1.0,-1.0,99.0,840.0,2020
-1.0,-1.0,99.0,842.0,2025
-1.0,-1.0,99.0,844.0,2030
-1.0,-1.0,99.0,846.0,2035
-1.0,-1.0,99.0,849.0,2040
-1.0,-1.0,99.0,850.0,2044
-1.0,-1.0,99.0,853.0,2050
-1.0,-1.0,100.0,85.0,2020
-1.0,-1.0,100.0,87.0,2025
-1.0,-1.0,100.0,90.0,2030
-1.0,-1.0,100.0,92.0,2035
-1.0,-1.0,100.0,94.0,2040
-1.0,-1.0,100.0,96.0,2044
-1.0,-1.0,100.0,99.0,2050
-1.0,-1.0,107.0,12824.0,2020
-1.0,-1.0,107.0,14348.0,2025
-1.0,-1.0,107.0,15872.0,2030
-1.0,-1.0,107.0,17396.0,2035
-1.0,-1.0,107.0,18921.0,2040
-1.0,-1.0,107.0,20140.0,2044
-1.0,-1.0,107.0,21969.0,2050
-1.0,-1.0,124.0,20812.0,2020
-1.0,-1.0,124.0,21762.0,2025
-1.0,-1.0,124.0,22713.0,2030
-1.0,-1.0,124.0,23663.0,2035
-1.0,-1.0,124.0,24613.0,2040
-1.0,-1.0,124.0,25374.0,2044
-1.0,-1.0,124.0,26514.0,2050
-1.0,-1.0,125.0,60241.0,2020
-1.0,-1.0,125.0,61639.0,2025
-1.0,-1.0,125.0,63036.0,2030
-1.0,-1.0,125.0,64434.0,2035
-1.0,-1.0,125.0,65832.0,2040
-1.0,-1.0,125.0,66950.0,2044
-1.0,-1.0,125.0,68627.0,2050
-1.0,-1.0,126.0,5157.0,2020
-1.0,-1.0,126.0,5334.0,2025
-1.0,-1.0,126.0,5511.0,2030
-1.0,-1.0,126.0,5688.0,2035
-1.0,-1.0,126.0,5865.0,2040
-1.0,-1.0,126.0,6007.0,2044
-1.0,-1.0,126.0,6219.0,2050
-1.0,-1.0,127.0,9851.0,2020
-1.0,-1.0,127.0,10320.0,2025
-1.0,-1.0,127.0,10790.0,2030
-1.0,-1.0,127.0,11260.0,2035
-1.0,-1.0,127.0,11729.0,2040
-1.0,-1.0,127.0,12105.0,2044
-1.0,-1.0,127.0,12668.0,2050
-1.0,-1.0,128.0,10393.0,2020
-1.0,-1.0,128.0,13450.0,2025
-1.0,-1.0,128.0,16508.0,2030
-1.0,-1.0,128.0,19566.0,2035
-1.0,-1.0,128.0,22623.0,2040
-1.0,-1.0,128.0,25069.0,2044
-1.0,-1.0,128.0,28738.0,2050
-1.0,-1.0,129.0,2274.0,2020
-1.0,-1.0,129.0,2348.0,2025
-1.0,-1.0,129.0,2423.0,2030
-1.0,-1.0,129.0,2498.0,2035
-1.0,-1.0,129.0,2572.0,2040
-1.0,-1.0,129.0,2632.0,2044
-1.0,-1.0,129.0,2721.0,2050
-1.0,-1.0,130.0,9095.0,2020
-1.0,-1.0,130.0,9154.0,2025
-1.0,-1.0,130.0,9213.0,2030
-1.0,-1.0,130.0,9272.0,2035
-1.0,-1.0,130.0,9330.0,2040
-1.0,-1.0,130.0,9377.0,2044
-1.0,-1.0,130.0,9448.0,2050
-1.0,-1.0,131.0,144.0,2020
-1.0,-1.0,131.0,160.0,2025
-1.0,-1.0,131.0,177.0,2030
-1.0,-1.0,131.0,193.0,2035
-1.0,-1.0,131.0,209.0,2040
-1.0,-1.0,131.0,222.0,2044
-1.0,-1.0,131.0,242.0,2050
-1.0,-1.0,132.0,2371.0,2020
-1.0,-1.0,132.0,2426.0,2025
-1.0,-1.0,132.0,2481.0,2030
-1.0,-1.0,132.0,2536.0,2035
-1.0,-1.0,132.0,2592.0,2040
-1.0,-1.0,132.0,2636.0,2044
-1.0,-1.0,132.0,2702.0,2050
-1.0,-1.0,133.0,495.0,2020
-1.0,-1.0,133.0,495.0,2025
-1.0,-1.0,133.0,495.0,2030
-1.0,-1.0,133.0,495.0,2035
-1.0,-1.0,133.0,495.0,2040
-1.0,-1.0,133.0,495.0,2044
-1.0,-1.0,133.0,495.0,2050
-1.0,-1.0,135.0,3367.0,2020
-1.0,-1.0,135.0,3443.0,2025
-1.0,-1.0,135.0,3519.0,2030
-1.0,-1.0,135.0,3595.0,2035
-1.0,-1.0,135.0,3671.0,2040
-1.0,-1.0,135.0,3732.0,2044
-1.0,-1.0,135.0,3823.0,2050
-1.0,-1.0,136.0,12811.0,2020
-1.0,-1.0,136.0,15716.0,2025
-1.0,-1.0,136.0,18622.0,2030
-1.0,-1.0,136.0,21527.0,2035
-1.0,-1.0,136.0,24432.0,2040
-1.0,-1.0,136.0,26757.0,2044
-1.0,-1.0,136.0,30243.0,2050
-1.0,-1.0,138.0,2823.0,2020
-1.0,-1.0,138.0,2915.0,2025
-1.0,-1.0,138.0,3006.0,2030
-1.0,-1.0,138.0,3098.0,2035
-1.0,-1.0,138.0,3190.0,2040
-1.0,-1.0,138.0,3263.0,2044
-1.0,-1.0,138.0,3373.0,2050
-1.0,-1.0,139.0,3410.0,2020
-1.0,-1.0,139.0,3556.0,2025
-1.0,-1.0,139.0,3703.0,2030
-1.0,-1.0,139.0,3849.0,2035
-1.0,-1.0,139.0,3995.0,2040
-1.0,-1.0,139.0,4112.0,2044
-1.0,-1.0,139.0,4288.0,2050
-1.0,-1.0,140.0,7701.0,2020
-1.0,-1.0,140.0,7845.0,2025
-1.0,-1.0,140.0,7989.0,2030
-1.0,-1.0,140.0,8134.0,2035
-1.0,-1.0,140.0,8278.0,2040
-1.0,-1.0,140.0,8393.0,2044
-1.0,-1.0,140.0,8566.0,2050
-1.0,-1.0,141.0,11056.0,2020
-1.0,-1.0,141.0,11294.0,2025
-1.0,-1.0,141.0,11531.0,2030
-1.0,-1.0,141.0,11768.0,2035
-1.0,-1.0,141.0,12006.0,2040
-1.0,-1.0,141.0,12196.0,2044
-1.0,-1.0,141.0,12481.0,2050
-1.0,-1.0,142.0,3368.0,2020
-1.0,-1.0,142.0,3728.0,2025
-1.0,-1.0,142.0,4087.0,2030
-1.0,-1.0,142.0,4447.0,2035
-1.0,-1.0,142.0,4807.0,2040
-1.0,-1.0,142.0,5094.0,2044
-1.0,-1.0,142.0,5526.0,2050
-1.0,-1.0,143.0,585.0,2020
-1.0,-1.0,143.0,614.0,2025
-1.0,-1.0,143.0,642.0,2030
-1.0,-1.0,143.0,670.0,2035
-1.0,-1.0,143.0,699.0,2040
-1.0,-1.0,143.0,722.0,2044
-1.0,-1.0,143.0,756.0,2050
-1.0,-1.0,144.0,599.0,2020
-1.0,-1.0,144.0,700.0,2025
-1.0,-1.0,144.0,800.0,2030
-1.0,-1.0,144.0,901.0,2035
-1.0,-1.0,144.0,1002.0,2040
-1.0,-1.0,144.0,1082.0,2044
-1.0,-1.0,144.0,1203.0,2050
-1.0,-1.0,145.0,273.0,2020
-1.0,-1.0,145.0,403.0,2025
-1.0,-1.0,145.0,533.0,2030
-1.0,-1.0,145.0,664.0,2035
-1.0,-1.0,145.0,794.0,2040
-1.0,-1.0,145.0,898.0,2044
-1.0,-1.0,145.0,1054.0,2050
-1.0,-1.0,146.0,1134.0,2020
-1.0,-1.0,146.0,1369.0,2025
-1.0,-1.0,146.0,1605.0,2030
-1.0,-1.0,146.0,1840.0,2035
-1.0,-1.0,146.0,2075.0,2040
-1.0,-1.0,146.0,2264.0,2044
-1.0,-1.0,146.0,2546.0,2050
-1.0,-1.0,147.0,24.0,2020
-1.0,-1.0,147.0,25.0,2025
-1.0,-1.0,147.0,26.0,2030
-1.0,-1.0,147.0,27.0,2035
-1.0,-1.0,147.0,28.0,2040
-1.0,-1.0,147.0,29.0,2044
-1.0,-1.0,147.0,30.0,2050
-1.0,-1.0,148.0,6985.0,2020
-1.0,-1.0,148.0,7623.0,2025
-1.0,-1.0,148.0,8262.0,2030
-1.0,-1.0,148.0,8900.0,2035
-1.0,-1.0,148.0,9538.0,2040
-1.0,-1.0,148.0,10049.0,2044
-1.0,-1.0,148.0,10815.0,2050
-1.0,-1.0,149.0,11283.0,2020
-1.0,-1.0,149.0,11730.0,2025
-1.0,-1.0,149.0,12177.0,2030
-1.0,-1.0,149.0,12624.0,2035
-1.0,-1.0,149.0,13071.0,2040
-1.0,-1.0,149.0,13429.0,2044
-1.0,-1.0,149.0,13965.0,2050
-1.0,-1.0,150.0,6468.0,2020
-1.0,-1.0,150.0,6880.0,2025
-1.0,-1.0,150.0,7291.0,2030
-1.0,-1.0,150.0,7703.0,2035
-1.0,-1.0,150.0,8115.0,2040
-1.0,-1.0,150.0,8444.0,2044
-1.0,-1.0,150.0,8938.0,2050
-1.0,-1.0,151.0,3641.0,2020
-1.0,-1.0,151.0,3951.0,2025
-1.0,-1.0,151.0,4261.0,2030
-1.0,-1.0,151.0,4572.0,2035
-1.0,-1.0,151.0,4882.0,2040
-1.0,-1.0,151.0,5130.0,2044
-1.0,-1.0,151.0,5502.0,2050
-1.0,-1.0,152.0,1044.0,2020
-1.0,-1.0,152.0,1335.0,2025
-1.0,-1.0,152.0,1626.0,2030
-1.0,-1.0,152.0,1916.0,2035
-1.0,-1.0,152.0,2207.0,2040
-1.0,-1.0,152.0,2440.0,2044
-1.0,-1.0,152.0,2789.0,2050
-1.0,-1.0,153.0,84.0,2020
-1.0,-1.0,153.0,86.0,2025
-1.0,-1.0,153.0,88.0,2030
-1.0,-1.0,153.0,90.0,2035
-1.0,-1.0,153.0,93.0,2040
-1.0,-1.0,153.0,94.0,2044
-1.0,-1.0,153.0,97.0,2050
-1.0,-1.0,155.0,13.0,2020
-1.0,-1.0,155.0,26.0,2025
-1.0,-1.0,155.0,39.0,2030
-1.0,-1.0,155.0,52.0,2035
-1.0,-1.0,155.0,65.0,2040
-1.0,-1.0,155.0,75.0,2044
-1.0,-1.0,155.0,91.0,2050
-1.0,-1.0,156.0,174.0,2020
-1.0,-1.0,156.0,192.0,2025
-1.0,-1.0,156.0,211.0,2030
-1.0,-1.0,156.0,229.0,2035
-1.0,-1.0,156.0,247.0,2040
-1.0,-1.0,156.0,262.0,2044
-1.0,-1.0,156.0,284.0,2050
-1.0,-1.0,157.0,0.0,2020
-1.0,-1.0,157.0,16.0,2025
-1.0,-1.0,157.0,32.0,2030
-1.0,-1.0,157.0,48.0,2035
-1.0,-1.0,157.0,64.0,2040
-1.0,-1.0,157.0,77.0,2044
-1.0,-1.0,157.0,96.0,2050
-1.0,-1.0,158.0,20.0,2020
-1.0,-1.0,158.0,23.0,2025
-1.0,-1.0,158.0,26.0,2030
-1.0,-1.0,158.0,28.0,2035
-1.0,-1.0,158.0,31.0,2040
-1.0,-1.0,158.0,34.0,2044
-1.0,-1.0,158.0,37.0,2050
-1.0,-1.0,159.0,0.0,2020
-1.0,-1.0,159.0,2.0,2025
-1.0,-1.0,159.0,3.0,2030
-1.0,-1.0,159.0,5.0,2035
-1.0,-1.0,159.0,7.0,2040
-1.0,-1.0,159.0,8.0,2044
-1.0,-1.0,159.0,10.0,2050
-1.0,-1.0,161.0,80.0,2020
-1.0,-1.0,161.0,98.0,2025
-1.0,-1.0,161.0,116.0,2030
-1.0,-1.0,161.0,134.0,2035
-1.0,-1.0,161.0,152.0,2040
-1.0,-1.0,161.0,166.0,2044
-1.0,-1.0,161.0,188.0,2050
-1.0,-1.0,162.0,1084.0,2020
-1.0,-1.0,162.0,1240.0,2025
-1.0,-1.0,162.0,1395.0,2030
-1.0,-1.0,162.0,1550.0,2035
-1.0,-1.0,162.0,1706.0,2040
-1.0,-1.0,162.0,1830.0,2044
-1.0,-1.0,162.0,2017.0,2050
-1.0,-1.0,163.0,5336.0,2020
-1.0,-1.0,163.0,5585.0,2025
-1.0,-1.0,163.0,5834.0,2030
-1.0,-1.0,163.0,6084.0,2035
-1.0,-1.0,163.0,6333.0,2040
-1.0,-1.0,163.0,6532.0,2044
-1.0,-1.0,163.0,6831.0,2050
-1.0,-1.0,164.0,676.0,2020
-1.0,-1.0,164.0,693.0,2025
-1.0,-1.0,164.0,711.0,2030
-1.0,-1.0,164.0,728.0,2035
-1.0,-1.0,164.0,745.0,2040
-1.0,-1.0,164.0,759.0,2044
-1.0,-1.0,164.0,780.0,2050
-1.0,-1.0,166.0,172.0,2020
-1.0,-1.0,166.0,193.0,2025
-1.0,-1.0,166.0,214.0,2030
-1.0,-1.0,166.0,235.0,2035
-1.0,-1.0,166.0,256.0,2040
-1.0,-1.0,166.0,273.0,2044
-1.0,-1.0,166.0,298.0,2050
-1.0,-1.0,167.0,0.0,2020
-1.0,-1.0,167.0,0.0,2025
-1.0,-1.0,167.0,0.0,2030
-1.0,-1.0,167.0,0.0,2035
-1.0,-1.0,167.0,0.0,2040
-1.0,-1.0,167.0,0.0,2044
-1.0,-1.0,167.0,0.0,2050
-1.0,-1.0,168.0,6673.0,2020
-1.0,-1.0,168.0,6946.0,2025
-1.0,-1.0,168.0,7220.0,2030
-1.0,-1.0,168.0,7494.0,2035
-1.0,-1.0,168.0,7767.0,2040
-1.0,-1.0,168.0,7986.0,2044
-1.0,-1.0,168.0,8314.0,2050
-1.0,-1.0,169.0,2381.0,2020
-1.0,-1.0,169.0,2618.0,2025
-1.0,-1.0,169.0,2856.0,2030
-1.0,-1.0,169.0,3093.0,2035
-1.0,-1.0,169.0,3330.0,2040
-1.0,-1.0,169.0,3520.0,2044
-1.0,-1.0,169.0,3805.0,2050
-1.0,-1.0,170.0,413.0,2020
-1.0,-1.0,170.0,410.0,2025
-1.0,-1.0,170.0,407.0,2030
-1.0,-1.0,170.0,404.0,2035
-1.0,-1.0,170.0,401.0,2040
-1.0,-1.0,170.0,399.0,2044
-1.0,-1.0,170.0,395.0,2050
-1.0,-1.0,172.0,192.0,2020
-1.0,-1.0,172.0,306.0,2025
-1.0,-1.0,172.0,420.0,2030
-1.0,-1.0,172.0,534.0,2035
-1.0,-1.0,172.0,647.0,2040
-1.0,-1.0,172.0,738.0,2044
-1.0,-1.0,172.0,875.0,2050
-1.0,-1.0,174.0,0.0,2020
-1.0,-1.0,174.0,0.0,2025
-1.0,-1.0,174.0,0.0,2030
-1.0,-1.0,174.0,0.0,2035
-1.0,-1.0,174.0,1.0,2040
-1.0,-1.0,174.0,1.0,2044
-1.0,-1.0,174.0,1.0,2050
-1.0,-1.0,175.0,0.0,2020
-1.0,-1.0,175.0,7.0,2025
-1.0,-1.0,175.0,13.0,2030
-1.0,-1.0,175.0,20.0,2035
-1.0,-1.0,175.0,27.0,2040
-1.0,-1.0,175.0,32.0,2044
-1.0,-1.0,175.0,40.0,2050
-1.0,-1.0,176.0,15041.0,2020
-1.0,-1.0,176.0,17444.0,2025
-1.0,-1.0,176.0,19847.0,2030
-1.0,-1.0,176.0,22250.0,2035
-1.0,-1.0,176.0,24652.0,2040
-1.0,-1.0,176.0,26575.0,2044
-1.0,-1.0,176.0,29458.0,2050
-1.0,-1.0,201.0,1731.0,2020
-1.0,-1.0,201.0,1687.0,2025
-1.0,-1.0,201.0,1643.0,2030
-1.0,-1.0,201.0,1598.0,2035
-1.0,-1.0,201.0,1554.0,2040
-1.0,-1.0,201.0,1519.0,2044
-1.0,-1.0,201.0,1466.0,2050
-1.0,-1.0,202.0,32.0,2020
-1.0,-1.0,202.0,34.0,2025
-1.0,-1.0,202.0,37.0,2030
-1.0,-1.0,202.0,39.0,2035
-1.0,-1.0,202.0,41.0,2040
-1.0,-1.0,202.0,43.0,2044
-1.0,-1.0,202.0,46.0,2050
-1.0,-1.0,203.0,141.0,2020
-1.0,-1.0,203.0,132.0,2025
-1.0,-1.0,203.0,123.0,2030
-1.0,-1.0,203.0,114.0,2035
-1.0,-1.0,203.0,104.0,2040
-1.0,-1.0,203.0,97.0,2044
-1.0,-1.0,203.0,86.0,2050
-1.0,-1.0,204.0,10.0,2020
-1.0,-1.0,204.0,66.0,2025
-1.0,-1.0,204.0,122.0,2030
-1.0,-1.0,204.0,178.0,2035
-1.0,-1.0,204.0,235.0,2040
-1.0,-1.0,204.0,280.0,2044
-1.0,-1.0,204.0,347.0,2050
-1.0,-1.0,205.0,130.0,2020
-1.0,-1.0,205.0,142.0,2025
-1.0,-1.0,205.0,154.0,2030
-1.0,-1.0,205.0,166.0,2035
-1.0,-1.0,205.0,177.0,2040
-1.0,-1.0,205.0,187.0,2044
-1.0,-1.0,205.0,201.0,2050
-1.0,-1.0,206.0,65.0,2020
-1.0,-1.0,206.0,63.0,2025
-1.0,-1.0,206.0,62.0,2030
-1.0,-1.0,206.0,60.0,2035
-1.0,-1.0,206.0,58.0,2040
-1.0,-1.0,206.0,57.0,2044
-1.0,-1.0,206.0,55.0,2050
-1.0,-1.0,207.0,144.0,2020
-1.0,-1.0,207.0,160.0,2025
-1.0,-1.0,207.0,175.0,2030
-1.0,-1.0,207.0,191.0,2035
-1.0,-1.0,207.0,207.0,2040
-1.0,-1.0,207.0,219.0,2044
-1.0,-1.0,207.0,238.0,2050
-1.0,-1.0,208.0,1143.0,2020
-1.0,-1.0,208.0,1149.0,2025
-1.0,-1.0,208.0,1155.0,2030
-1.0,-1.0,208.0,1160.0,2035
-1.0,-1.0,208.0,1166.0,2040
-1.0,-1.0,208.0,1171.0,2044
-1.0,-1.0,208.0,1178.0,2050
-1.0,-1.0,209.0,0.0,2020
-1.0,-1.0,209.0,0.0,2025
-1.0,-1.0,209.0,0.0,2030
-1.0,-1.0,209.0,0.0,2035
-1.0,-1.0,209.0,0.0,2040
-1.0,-1.0,209.0,0.0,2044
-1.0,-1.0,209.0,0.0,2050
-1.0,-1.0,210.0,8242.0,2020
-1.0,-1.0,210.0,8514.0,2025
-1.0,-1.0,210.0,8786.0,2030
-1.0,-1.0,210.0,9058.0,2035
-1.0,-1.0,210.0,9329.0,2040
-1.0,-1.0,210.0,9547.0,2044
-1.0,-1.0,210.0,9873.0,2050
-1.0,-1.0,301.0,2983.0,2020
-1.0,-1.0,301.0,2983.0,2025
-1.0,-1.0,301.0,2983.0,2030
-1.0,-1.0,301.0,2983.0,2035
-1.0,-1.0,301.0,2983.0,2040
-1.0,-1.0,301.0,2983.0,2044
-1.0,-1.0,301.0,2983.0,2050
-1.0,-1.0,302.0,8.0,2020
-1.0,-1.0,302.0,8.0,2025
-1.0,-1.0,302.0,8.0,2030
-1.0,-1.0,302.0,8.0,2035
-1.0,-1.0,302.0,8.0,2040
-1.0,-1.0,302.0,8.0,2044
-1.0,-1.0,302.0,8.0,2050
-1.0,-1.0,303.0,1387.0,2020
-1.0,-1.0,303.0,1387.0,2025
-1.0,-1.0,303.0,1387.0,2030
-1.0,-1.0,303.0,1387.0,2035
-1.0,-1.0,303.0,1387.0,2040
-1.0,-1.0,303.0,1387.0,2044
-1.0,-1.0,303.0,1387.0,2050
-1.0,-1.0,304.0,2767.0,2020
-1.0,-1.0,304.0,2767.0,2025
-1.0,-1.0,304.0,2767.0,2030
-1.0,-1.0,304.0,2767.0,2035
-1.0,-1.0,304.0,2767.0,2040
-1.0,-1.0,304.0,2767.0,2044
-1.0,-1.0,304.0,2767.0,2050
-1.0,-1.0,401.0,15473.0,2020
-1.0,-1.0,401.0,15473.0,2025
-1.0,-1.0,401.0,15473.0,2030
-1.0,-1.0,401.0,15473.0,2035
-1.0,-1.0,401.0,15473.0,2040
-1.0,-1.0,401.0,15473.0,2044
-1.0,-1.0,401.0,15473.0,2050
-1.0,-1.0,402.0,3775.0,2020
-1.0,-1.0,402.0,3775.0,2025
-1.0,-1.0,402.0,3775.0,2030
-1.0,-1.0,402.0,3775.0,2035
-1.0,-1.0,402.0,3775.0,2040
-1.0,-1.0,402.0,3775.0,2044
-1.0,-1.0,402.0,3775.0,2050
-1.0,-1.0,403.0,13683.0,2020
-1.0,-1.0,403.0,13683.0,2025
-1.0,-1.0,403.0,13683.0,2030
-1.0,-1.0,403.0,13683.0,2035
-1.0,-1.0,403.0,13683.0,2040
-1.0,-1.0,403.0,13683.0,2044
-1.0,-1.0,403.0,13683.0,2050
-1.0,-1.0,404.0,1037.0,2020
-1.0,-1.0,404.0,1037.0,2025
-1.0,-1.0,404.0,1037.0,2030
-1.0,-1.0,404.0,1037.0,2035
-1.0,-1.0,404.0,1037.0,2040
-1.0,-1.0,404.0,1037.0,2044
-1.0,-1.0,404.0,1037.0,2050
-1.0,-1.0,1001.0,112618.0,2020
-1.0,-1.0,1001.0,126847.0,2025
-1.0,-1.0,1001.0,141076.0,2030
-1.0,-1.0,1001.0,155304.0,2035
-1.0,-1.0,1001.0,169533.0,2040
-1.0,-1.0,1001.0,180916.0,2044
-1.0,-1.0,1001.0,197991.0,2050
-1.0,-1.0,1002.0,578988.0,2020
-1.0,-1.0,1002.0,608475.0,2025
-1.0,-1.0,1002.0,637962.0,2030
-1.0,-1.0,1002.0,667449.0,2035
-1.0,-1.0,1002.0,696936.0,2040
-1.0,-1.0,1002.0,720526.0,2044
-1.0,-1.0,1002.0,755910.0,2050
-1.0,-1.0,1003.0,22298.0,2020
-1.0,-1.0,1003.0,24737.0,2025
-1.0,-1.0,1003.0,27176.0,2030
-1.0,-1.0,1003.0,29614.0,2035
-1.0,-1.0,1003.0,32053.0,2040
-1.0,-1.0,1003.0,34004.0,2044
-1.0,-1.0,1003.0,36931.0,2050
-1.0,-1.0,1004.0,5155.0,2020
-1.0,-1.0,1004.0,6308.0,2025
-1.0,-1.0,1004.0,7461.0,2030
-1.0,-1.0,1004.0,8614.0,2035
-1.0,-1.0,1004.0,9767.0,2040
-1.0,-1.0,1004.0,10689.0,2044
-1.0,-1.0,1004.0,12073.0,2050
-1.0,-1.0,1005.0,6418.0,2020
-1.0,-1.0,1005.0,7370.0,2025
-1.0,-1.0,1005.0,8321.0,2030
-1.0,-1.0,1005.0,9272.0,2035
-1.0,-1.0,1005.0,10224.0,2040
-1.0,-1.0,1005.0,10985.0,2044
-1.0,-1.0,1005.0,12127.0,2050
-1.0,-1.0,1006.0,12408.0,2020
-1.0,-1.0,1006.0,16400.0,2025
-1.0,-1.0,1006.0,20393.0,2030
-1.0,-1.0,1006.0,24385.0,2035
-1.0,-1.0,1006.0,28377.0,2040
-1.0,-1.0,1006.0,31571.0,2044
-1.0,-1.0,1006.0,36362.0,2050
-1.0,-1.0,1007.0,7890.0,2020
-1.0,-1.0,1007.0,9230.0,2025
-1.0,-1.0,1007.0,10571.0,2030
-1.0,-1.0,1007.0,11911.0,2035
-1.0,-1.0,1007.0,13251.0,2040
-1.0,-1.0,1007.0,14324.0,2044
-1.0,-1.0,1007.0,15932.0,2050
-1.0,-1.0,1008.0,18770.0,2020
-1.0,-1.0,1008.0,25655.0,2025
-1.0,-1.0,1008.0,32539.0,2030
-1.0,-1.0,1008.0,39424.0,2035
-1.0,-1.0,1008.0,46309.0,2040
-1.0,-1.0,1008.0,51816.0,2044
-1.0,-1.0,1008.0,60078.0,2050
-1.0,-1.0,1009.0,42931.0,2020
-1.0,-1.0,1009.0,47805.0,2025
-1.0,-1.0,1009.0,52679.0,2030
-1.0,-1.0,1009.0,57552.0,2035
-1.0,-1.0,1009.0,62426.0,2040
-1.0,-1.0,1009.0,66325.0,2044
-1.0,-1.0,1009.0,72174.0,2050
-1.0,-1.0,1010.0,76414.0,2020
-1.0,-1.0,1010.0,80591.0,2025
-1.0,-1.0,1010.0,84768.0,2030
-1.0,-1.0,1010.0,88946.0,2035
-1.0,-1.0,1010.0,93123.0,2040
-1.0,-1.0,1010.0,96464.0,2044
-1.0,-1.0,1010.0,101477.0,2050
-1.0,-1.0,1011.0,45593.0,2020
-1.0,-1.0,1011.0,51785.0,2025
-1.0,-1.0,1011.0,57977.0,2030
-1.0,-1.0,1011.0,64168.0,2035
-1.0,-1.0,1011.0,70360.0,2040
-1.0,-1.0,1011.0,75314.0,2044
-1.0,-1.0,1011.0,82744.0,2050
-1.0,-1.0,1012.0,34903.0,2020
-1.0,-1.0,1012.0,37425.0,2025
-1.0,-1.0,1012.0,39947.0,2030
-1.0,-1.0,1012.0,42469.0,2035
-1.0,-1.0,1012.0,44991.0,2040
-1.0,-1.0,1012.0,47009.0,2044
-1.0,-1.0,1012.0,50035.0,2050
-1.0,-1.0,1013.0,23516.0,2020
-1.0,-1.0,1013.0,26835.0,2025
-1.0,-1.0,1013.0,30154.0,2030
-1.0,-1.0,1013.0,33473.0,2035
-1.0,-1.0,1013.0,36792.0,2040
-1.0,-1.0,1013.0,39447.0,2044
-1.0,-1.0,1013.0,43430.0,2050
-1.0,-1.0,1014.0,2953.0,2020
-1.0,-1.0,1014.0,3443.0,2025
-1.0,-1.0,1014.0,3932.0,2030
-1.0,-1.0,1014.0,4422.0,2035
-1.0,-1.0,1014.0,4912.0,2040
-1.0,-1.0,1014.0,5303.0,2044
-1.0,-1.0,1014.0,5891.0,2050
-1.0,-1.0,1015.0,245.0,2020
-1.0,-1.0,1015.0,271.0,2025
-1.0,-1.0,1015.0,296.0,2030
-1.0,-1.0,1015.0,322.0,2035
-1.0,-1.0,1015.0,348.0,2040
-1.0,-1.0,1015.0,368.0,2044
-1.0,-1.0,1015.0,399.0,2050
-1.0,-1.0,1016.0,2421.0,2020
-1.0,-1.0,1016.0,3117.0,2025
-1.0,-1.0,1016.0,3814.0,2030
-1.0,-1.0,1016.0,4510.0,2035
-1.0,-1.0,1016.0,5206.0,2040
-1.0,-1.0,1016.0,5763.0,2044
-1.0,-1.0,1016.0,6599.0,2050
-1.0,-1.0,1017.0,794.0,2020
-1.0,-1.0,1017.0,920.0,2025
-1.0,-1.0,1017.0,1045.0,2030
-1.0,-1.0,1017.0,1171.0,2035
-1.0,-1.0,1017.0,1297.0,2040
-1.0,-1.0,1017.0,1397.0,2044
-1.0,-1.0,1017.0,1548.0,2050
-1.0,-1.0,1018.0,3485.0,2020
-1.0,-1.0,1018.0,3668.0,2025
-1.0,-1.0,1018.0,3851.0,2030
-1.0,-1.0,1018.0,4034.0,2035
-1.0,-1.0,1018.0,4217.0,2040
-1.0,-1.0,1018.0,4363.0,2044
-1.0,-1.0,1018.0,4583.0,2050
-1.0,-1.0,1019.0,1650.0,2020
-1.0,-1.0,1019.0,1690.0,2025
-1.0,-1.0,1019.0,1729.0,2030
-1.0,-1.0,1019.0,1769.0,2035
-1.0,-1.0,1019.0,1809.0,2040
-1.0,-1.0,1019.0,1840.0,2044
-1.0,-1.0,1019.0,1888.0,2050
-1.0,-1.0,1020.0,2253.0,2020
-1.0,-1.0,1020.0,2535.0,2025
-1.0,-1.0,1020.0,2817.0,2030
-1.0,-1.0,1020.0,3100.0,2035
-1.0,-1.0,1020.0,3382.0,2040
-1.0,-1.0,1020.0,3607.0,2044
-1.0,-1.0,1020.0,3946.0,2050
-1.0,-1.0,1024.0,344.0,2020
-1.0,-1.0,1024.0,464.0,2025
-1.0,-1.0,1024.0,584.0,2030
-1.0,-1.0,1024.0,704.0,2035
-1.0,-1.0,1024.0,824.0,2040
-1.0,-1.0,1024.0,920.0,2044
-1.0,-1.0,1024.0,1064.0,2050
-1.0,-1.0,1025.0,9333.0,2020
-1.0,-1.0,1025.0,11242.0,2025
-1.0,-1.0,1025.0,13150.0,2030
-1.0,-1.0,1025.0,15059.0,2035
-1.0,-1.0,1025.0,16968.0,2040
-1.0,-1.0,1025.0,18495.0,2044
-1.0,-1.0,1025.0,20785.0,2050
-1.0,-1.0,1026.0,3519.0,2020
-1.0,-1.0,1026.0,4291.0,2025
-1.0,-1.0,1026.0,5063.0,2030
-1.0,-1.0,1026.0,5836.0,2035
-1.0,-1.0,1026.0,6608.0,2040
-1.0,-1.0,1026.0,7225.0,2044
-1.0,-1.0,1026.0,8152.0,2050
-1.0,-1.0,1065.0,5806.0,2020
-1.0,-1.0,1065.0,8471.0,2025
-1.0,-1.0,1065.0,11136.0,2030
-1.0,-1.0,1065.0,13801.0,2035
-1.0,-1.0,1065.0,16466.0,2040
-1.0,-1.0,1065.0,18598.0,2044
-1.0,-1.0,1065.0,21796.0,2050
-1.0,-1.0,1068.0,8942.0,2020
-1.0,-1.0,1068.0,11096.0,2025
-1.0,-1.0,1068.0,13251.0,2030
-1.0,-1.0,1068.0,15406.0,2035
-1.0,-1.0,1068.0,17560.0,2040
-1.0,-1.0,1068.0,19284.0,2044
-1.0,-1.0,1068.0,21869.0,2050
-1.0,-1.0,1069.0,2262.0,2020
-1.0,-1.0,1069.0,2427.0,2025
-1.0,-1.0,1069.0,2591.0,2030
-1.0,-1.0,1069.0,2756.0,2035
-1.0,-1.0,1069.0,2921.0,2040
-1.0,-1.0,1069.0,3052.0,2044
-1.0,-1.0,1069.0,3250.0,2050
-1.0,-1.0,1070.0,318.0,2020
-1.0,-1.0,1070.0,358.0,2025
-1.0,-1.0,1070.0,398.0,2030
-1.0,-1.0,1070.0,438.0,2035
-1.0,-1.0,1070.0,479.0,2040
-1.0,-1.0,1070.0,511.0,2044
-1.0,-1.0,1070.0,559.0,2050
-1.0,-1.0,1071.0,4049.0,2020
-1.0,-1.0,1071.0,4389.0,2025
-1.0,-1.0,1071.0,4729.0,2030
-1.0,-1.0,1071.0,5070.0,2035
-1.0,-1.0,1071.0,5410.0,2040
-1.0,-1.0,1071.0,5682.0,2044
-1.0,-1.0,1071.0,6090.0,2050
-1.0,-1.0,1072.0,598.0,2020
-1.0,-1.0,1072.0,599.0,2025
-1.0,-1.0,1072.0,600.0,2030
-1.0,-1.0,1072.0,600.0,2035
-1.0,-1.0,1072.0,601.0,2040
-1.0,-1.0,1072.0,602.0,2044
-1.0,-1.0,1072.0,603.0,2050
-1.0,-1.0,1073.0,700.0,2020
-1.0,-1.0,1073.0,1231.0,2025
-1.0,-1.0,1073.0,1761.0,2030
-1.0,-1.0,1073.0,2292.0,2035
-1.0,-1.0,1073.0,2823.0,2040
-1.0,-1.0,1073.0,3247.0,2044
-1.0,-1.0,1073.0,3884.0,2050
-1.0,-1.0,1074.0,2.0,2020
-1.0,-1.0,1074.0,2.0,2025
-1.0,-1.0,1074.0,2.0,2030
-1.0,-1.0,1074.0,2.0,2035
-1.0,-1.0,1074.0,2.0,2040
-1.0,-1.0,1074.0,2.0,2044
-1.0,-1.0,1074.0,2.0,2050
-1.0,-1.0,1077.0,77105.0,2020
-1.0,-1.0,1077.0,90466.0,2025
-1.0,-1.0,1077.0,103828.0,2030
-1.0,-1.0,1077.0,117190.0,2035
-1.0,-1.0,1077.0,130551.0,2040
-1.0,-1.0,1077.0,141240.0,2044
-1.0,-1.0,1077.0,157274.0,2050
-1.0,-1.0,1079.0,16215.0,2020
-1.0,-1.0,1079.0,18076.0,2025
-1.0,-1.0,1079.0,19938.0,2030
-1.0,-1.0,1079.0,21799.0,2035
-1.0,-1.0,1079.0,23660.0,2040
-1.0,-1.0,1079.0,25149.0,2044
-1.0,-1.0,1079.0,27383.0,2050
-1.0,-1.0,1080.0,15445.0,2020
-1.0,-1.0,1080.0,18222.0,2025
-1.0,-1.0,1080.0,20999.0,2030
-1.0,-1.0,1080.0,23776.0,2035
-1.0,-1.0,1080.0,26554.0,2040
-1.0,-1.0,1080.0,28775.0,2044
-1.0,-1.0,1080.0,32108.0,2050
-1.0,-1.0,1081.0,4405.0,2020
-1.0,-1.0,1081.0,5014.0,2025
-1.0,-1.0,1081.0,5623.0,2030
-1.0,-1.0,1081.0,6232.0,2035
-1.0,-1.0,1081.0,6842.0,2040
-1.0,-1.0,1081.0,7329.0,2044
-1.0,-1.0,1081.0,8060.0,2050
-1.0,-1.0,1082.0,1804.0,2020
-1.0,-1.0,1082.0,1884.0,2025
-1.0,-1.0,1082.0,1963.0,2030
-1.0,-1.0,1082.0,2042.0,2035
-1.0,-1.0,1082.0,2122.0,2040
-1.0,-1.0,1082.0,2186.0,2044
-1.0,-1.0,1082.0,2281.0,2050
-1.0,-1.0,1083.0,4908.0,2020
-1.0,-1.0,1083.0,4980.0,2025
-1.0,-1.0,1083.0,5051.0,2030
-1.0,-1.0,1083.0,5122.0,2035
-1.0,-1.0,1083.0,5194.0,2040
-1.0,-1.0,1083.0,5251.0,2044
-1.0,-1.0,1083.0,5337.0,2050
-1.0,-1.0,1084.0,1072.0,2020
-1.0,-1.0,1084.0,1092.0,2025
-1.0,-1.0,1084.0,1112.0,2030
-1.0,-1.0,1084.0,1132.0,2035
-1.0,-1.0,1084.0,1153.0,2040
-1.0,-1.0,1084.0,1169.0,2044
-1.0,-1.0,1084.0,1193.0,2050
-1.0,-1.0,1085.0,14027.0,2020
-1.0,-1.0,1085.0,15998.0,2025
-1.0,-1.0,1085.0,17969.0,2030
-1.0,-1.0,1085.0,19940.0,2035
-1.0,-1.0,1085.0,21912.0,2040
-1.0,-1.0,1085.0,23489.0,2044
-1.0,-1.0,1085.0,25854.0,2050
-1.0,-1.0,1086.0,2479.0,2020
-1.0,-1.0,1086.0,2487.0,2025
-1.0,-1.0,1086.0,2495.0,2030
-1.0,-1.0,1086.0,2502.0,2035
-1.0,-1.0,1086.0,2510.0,2040
-1.0,-1.0,1086.0,2517.0,2044
-1.0,-1.0,1086.0,2526.0,2050
-1.0,-1.0,1125.0,34949.0,2020
-1.0,-1.0,1125.0,47528.0,2025
-1.0,-1.0,1125.0,60106.0,2030
-1.0,-1.0,1125.0,72684.0,2035
-1.0,-1.0,1125.0,85263.0,2040
-1.0,-1.0,1125.0,95326.0,2044
-1.0,-1.0,1125.0,110420.0,2050
-1.0,-1.0,1126.0,10152.0,2020
-1.0,-1.0,1126.0,11745.0,2025
-1.0,-1.0,1126.0,13338.0,2030
-1.0,-1.0,1126.0,14931.0,2035
-1.0,-1.0,1126.0,16524.0,2040
-1.0,-1.0,1126.0,17798.0,2044
-1.0,-1.0,1126.0,19710.0,2050
-1.0,-1.0,1127.0,20271.0,2020
-1.0,-1.0,1127.0,24496.0,2025
-1.0,-1.0,1127.0,28722.0,2030
-1.0,-1.0,1127.0,32947.0,2035
-1.0,-1.0,1127.0,37172.0,2040
-1.0,-1.0,1127.0,40553.0,2044
-1.0,-1.0,1127.0,45623.0,2050
-1.0,-1.0,1128.0,1739.0,2020
-1.0,-1.0,1128.0,1809.0,2025
-1.0,-1.0,1128.0,1879.0,2030
-1.0,-1.0,1128.0,1949.0,2035
-1.0,-1.0,1128.0,2019.0,2040
-1.0,-1.0,1128.0,2075.0,2044
-1.0,-1.0,1128.0,2159.0,2050
-1.0,-1.0,1129.0,520.0,2020
-1.0,-1.0,1129.0,546.0,2025
-1.0,-1.0,1129.0,571.0,2030
-1.0,-1.0,1129.0,596.0,2035
-1.0,-1.0,1129.0,622.0,2040
-1.0,-1.0,1129.0,642.0,2044
-1.0,-1.0,1129.0,673.0,2050
-1.0,-1.0,1130.0,6758.0,2020
-1.0,-1.0,1130.0,7287.0,2025
-1.0,-1.0,1130.0,7817.0,2030
-1.0,-1.0,1130.0,8346.0,2035
-1.0,-1.0,1130.0,8875.0,2040
-1.0,-1.0,1130.0,9299.0,2044
-1.0,-1.0,1130.0,9934.0,2050
-1.0,-1.0,1131.0,126.0,2020
-1.0,-1.0,1131.0,140.0,2025
-1.0,-1.0,1131.0,154.0,2030
-1.0,-1.0,1131.0,168.0,2035
-1.0,-1.0,1131.0,183.0,2040
-1.0,-1.0,1131.0,194.0,2044
-1.0,-1.0,1131.0,211.0,2050
-1.0,-1.0,1132.0,4657.0,2020
-1.0,-1.0,1132.0,5151.0,2025
-1.0,-1.0,1132.0,5645.0,2030
-1.0,-1.0,1132.0,6140.0,2035
-1.0,-1.0,1132.0,6634.0,2040
-1.0,-1.0,1132.0,7029.0,2044
-1.0,-1.0,1132.0,7622.0,2050
-1.0,-1.0,1133.0,1631.0,2020
-1.0,-1.0,1133.0,1676.0,2025
-1.0,-1.0,1133.0,1720.0,2030
-1.0,-1.0,1133.0,1765.0,2035
-1.0,-1.0,1133.0,1810.0,2040
-1.0,-1.0,1133.0,1845.0,2044
-1.0,-1.0,1133.0,1899.0,2050
-1.0,-1.0,1135.0,1830.0,2020
-1.0,-1.0,1135.0,2514.0,2025
-1.0,-1.0,1135.0,3199.0,2030
-1.0,-1.0,1135.0,3883.0,2035
-1.0,-1.0,1135.0,4567.0,2040
-1.0,-1.0,1135.0,5115.0,2044
-1.0,-1.0,1135.0,5936.0,2050
-1.0,-1.0,1136.0,4598.0,2020
-1.0,-1.0,1136.0,5477.0,2025
-1.0,-1.0,1136.0,6356.0,2030
-1.0,-1.0,1136.0,7235.0,2035
-1.0,-1.0,1136.0,8114.0,2040
-1.0,-1.0,1136.0,8817.0,2044
-1.0,-1.0,1136.0,9872.0,2050
-1.0,-1.0,1138.0,4681.0,2020
-1.0,-1.0,1138.0,4736.0,2025
-1.0,-1.0,1138.0,4791.0,2030
-1.0,-1.0,1138.0,4846.0,2035
-1.0,-1.0,1138.0,4902.0,2040
-1.0,-1.0,1138.0,4946.0,2044
-1.0,-1.0,1138.0,5012.0,2050
-1.0,-1.0,1139.0,3993.0,2020
-1.0,-1.0,1139.0,4131.0,2025
-1.0,-1.0,1139.0,4268.0,2030
-1.0,-1.0,1139.0,4406.0,2035
-1.0,-1.0,1139.0,4544.0,2040
-1.0,-1.0,1139.0,4654.0,2044
-1.0,-1.0,1139.0,4819.0,2050
-1.0,-1.0,1140.0,1807.0,2020
-1.0,-1.0,1140.0,2167.0,2025
-1.0,-1.0,1140.0,2527.0,2030
-1.0,-1.0,1140.0,2888.0,2035
-1.0,-1.0,1140.0,3248.0,2040
-1.0,-1.0,1140.0,3536.0,2044
-1.0,-1.0,1140.0,3968.0,2050
-1.0,-1.0,1141.0,764.0,2020
-1.0,-1.0,1141.0,1011.0,2025
-1.0,-1.0,1141.0,1257.0,2030
-1.0,-1.0,1141.0,1504.0,2035
-1.0,-1.0,1141.0,1751.0,2040
-1.0,-1.0,1141.0,1948.0,2044
-1.0,-1.0,1141.0,2244.0,2050
-1.0,-1.0,1142.0,1585.0,2020
-1.0,-1.0,1142.0,1861.0,2025
-1.0,-1.0,1142.0,2137.0,2030
-1.0,-1.0,1142.0,2414.0,2035
-1.0,-1.0,1142.0,2690.0,2040
-1.0,-1.0,1142.0,2911.0,2044
-1.0,-1.0,1142.0,3242.0,2050
